Foto;Jméno;Příjmení;Smlouva;Tým;Věk;Držení hole;Národnost;Výška (cm);Váha (kg);Odchytané zápasy;Odchytané minuty;Výhry;průměr obdržených branek;% zákroků;Čistá konta;Zákroky;Střel proti;Průměr střel na zápas;Profil Hráče
;Milan;Klouček;26/27;CBU;28;L;CZE;192;95;5;263;2;2,28;92,75;1;128;138;27,6;
;Matyáš;Mařík;26/27+1;CBU;19;L;CZE;188;82;0;0:00;0;0;0;0;0;0;0,0;
;Jan;Strmeň;26/27+1;CBU;34;L;CZE;194;92;3;160;1;4,13;88,89;0;88;99;33,0;
;Matěj;Machovský;;OLO;;;;182;97;5;300;1;3,6;86,57;0;116;134;26,8;
;Dominik;Frodl;;KVA;;;;187;80;6;359;5;0,67;97,88;2;185;189;31,5;
;Jakub;Kovář;;SPA;;;;187;87;7;422;3;2,56;89,6;0;155;173;24,71;
;Adam;Brízgala;;KLA;;;;191;89;5;307;3;3,13;88,89;0;128;144;28,8;
;Josef;Kořenář;;SPA;;;;194;91;1;59;0;4,07;86,67;0;26;30;30,0;
;Roman;Will;;PCE;;;;182;83;5;297;3;3,43;87,77;0;122;139;27,8;
;Petr;Kváča;;LIB;;;;190;80;7;427;3;2,53;90,58;1;173;191;27,29;
;Nick;Malík;;PLZ;;;;186;89;7;428;4;2,24;90,36;0;150;166;23,71;
;Stanislav;Škorvánek;;MHK;;;;187;81;5;306;3;2,55;90,0;0;117;130;26,0;
;Aleš;Stezka;;KOM;;;;190;84;3;176;0;3,75;88,54;0;85;96;32,0;
;Marek;Mazanec;;TRI;;;;193;85;4;162;2;2,59;90,67;2;68;75;18,75;
;Ondřej;Kacetl;;TRI;;;;191;82;6;320;6;1,69;93,57;0;131;140;23,33;
;Dominik;Hrachovina;;VIT;;;;188;95;6;363;2;2,98;90,63;0;174;192;32,0;
;Malcolm;Subban;;PCE;;;;180;77;4;240;4;1,75;91,86;0;79;86;21,5;
;Jan;Růžička;;PLZ;;;;180;80;1;58;0;3,1;86,96;0;20;23;23,0;
;Daniel;Král;;KVA;;;;188;88;1;60;0;4,0;90,48;0;38;42;42,0;
;Gašper;Krošelj;;KOM;;;;193;90;0;0:00;0;0;0;0;0;0;0,0;
;Lukáš;Klimeš;;VIT;;;;181;83;0;0:00;0;0;0;0;0;0;0,0;
;Pavel;Čajan;;LIT;;;;189;91;8;486;3;2,96;90,16;0;220;244;30,5;
;Dominik;Furch;;MBL;;;;188;98;7;381;1;3,15;90,43;0;189;209;29,86;
;Matej;Tomek;;LIT;;;;185;88;0;0:00;0;0;0;0;0;0;0,0;
;Vojtěch;Mokry;;MBL;;;;189;81;2;103;1;2,91;91,94;0;57;62;31,0;
;Martin;Michajlov;;SPA;;;;185;87;0;0:00;0;0;0;0;0;0;0,0;
;Tomáš;Vomáčka;;MHK;;;;186;86;3;180;2;2,33;91,95;0;80;87;29,0;
;Jakub;Soukup;;MHK;;;;185;91;0;0:00;0;0;0;0;0;0;0,0;
;Niclas;Westerholm;;CBU;;;;182;79;0;0:00;0;0;0;0;0;0;0,0;
;Jan;Kavan;;KOM;;;;190;86;0;0:00;0;0;0;0;0;0;0,0;
;Petr;Hamalčík;;LIB;;;;181;85;1;60;0;4,0;87,5;0;28;32;32,0;
;Oldřich;Cichoň;;OLO;;;;189;81;3;151;1;3,58;89,89;0;80;89;29,67;
;Oscar;Dansk;;KLA;;;;;;0;0:00;0;0;0;0;0;0;0,0;
;Filip;Novotný;;MHK;;;;;;0;0:00;0;0;0;0;0;0;0,0;
;Štěpán;Lukeš;;LIB;;;;;;0;0:00;0;0;0;0;0;0;0,0;
;Jan;Kasal;;MHK;;;;;;0;0:00;0;0;0;0;0;0;0,0;
;Adam;Kubík;;LIT;;;;;;0;0:00;0;0;0;0;0;0;0,0;
;Lukáš;Matěcha;;PCE;;;;;;0;0:00;0;0;0;0;0;0;0,0;
;Eugen;Rabčan;;KOM;;;;;;3;185;3;1,62;95,19;0;99;104;34,67;
;Dominik;Pavlát;;KLA;;;;;;3;186;1;2,58;91,01;0;81;89;29,67;
;Patrik;Švančara;;VIT;;;;;;1;60;0;8,0;73,33;0;22;30;30,0;
;Jan;Brož;;OLO;;;;;;1;30;0;6,0;76,92;0;10;13;13,0;
