Foto;Jméno;Příjmení;Smlouva;Pozice;Tým;Věk;Držení hole;Národnost;Výška (cm);Váha (kg);Odehrané zápasy;Goly;Asistence;Body;Body z přesilovek;Ø Času na ledě;+/-;Trestné minuty;Hity;Bloky;Úspěšnost vhazování %;Úspěšnost střelby %;Body na zápas;Hity na zápas;Bloky na zápas;Pořadí podle bodu v tymu;Poradi prumerneho casu na lede;Podíl na ofenzivě týmu;Profil Hráče
https://raw.githubusercontent.com/Adamos1511/ELH_web/main/foto_hrac/Andersen.png;Ole Einar Engeland;Andersen;TRY-OUT;O;CBU;27;L;NOR;;;4;0;0;0;0;09:01;-3;0;2;7;0,0;0,0;0;0,5;1,75;16;21;0;Motor ČB
https://raw.githubusercontent.com/Adamos1511/ELH_web/main/foto_hrac/Kachyna.png;Ondřej;Kachyňa;27/28;O;CBU;28;L;CZE;;;4;0;0;0;0;12:12;-1;2;0;5;0,0;0,0;0;0;1,25;16;17;0;Motor ČB
https://raw.githubusercontent.com/Adamos1511/ELH_web/main/foto_hrac/Kundratek.png;Tomáš;Kundrátek;27/28;O;CBU;36;P;CZE;;;2;0;0;0;0;21:29;0;0;1;6;0,0;0,0;0;0,5;3;16;1;0;Motor ČB
https://raw.githubusercontent.com/Adamos1511/ELH_web/main/foto_hrac/Nedorost.png;Václav;Nedorost;J;O;CBU;18;P;CZE;;;0;0;0;0;0;0:00;0;0;0;0;0;0;0;0;0;16;23;0;Motor ČB
https://raw.githubusercontent.com/Adamos1511/ELH_web/main/foto_hrac/Nordsäter.png;Lucas;Nordsäter;26/27;O;CBU;27;L;SWE;;;5;0;1;1;0;15:24;-1;2;2;4;0,0;0,0;0,2;0,4;0,8;11;9;2,63;Motor ČB
https://raw.githubusercontent.com/Adamos1511/ELH_web/main/foto_hrac/Pycha.png;Pavel;Pýcha;26/27;O;CBU;30;L;CZE;;;5;0;2;2;1;12:28;1;0;0;7;0,0;0,0;0,4;0;1,4;8;16;5,26;Motor ČB
https://raw.githubusercontent.com/Adamos1511/ELH_web/main/foto_hrac/Stencel.png;Jan;Štencel;27/28;O;CBU;31;L;CZE;;;5;2;3;5;4;20:13;1;0;0;7;0,0;15,38;1;0;1,4;1;3;13,16;Motor ČB
https://raw.githubusercontent.com/Adamos1511/ELH_web/main/foto_hrac/Vala.png;Ondřej;Vála;27/28;O;CBU;28;L;CZE;;;5;0;1;1;0;18:27;-3;4;0;11;0,0;0,0;0,2;0;2,2;11;6;2,63;Motor ČB
https://raw.githubusercontent.com/Adamos1511/ELH_web/main/foto_hrac/Vrablik.png;Roman;Vráblík;27/28;O;CBU;36;L;CZE;;;5;0;1;1;0;20:29;1;2;2;3;0,0;0,0;0,2;0,4;0,6;11;2;2,63;Motor ČB
https://raw.githubusercontent.com/Adamos1511/ELH_web/main/foto_hrac/Ahl.png;Filip;Ahl;26/27+1;LW/RW;CBU;29;L;SWE;;;5;0;1;1;1;14:11;0;2;0;2;0,0;0,0;0,2;0;0,4;11;14;2,63;Motor ČB
https://raw.githubusercontent.com/Adamos1511/ELH_web/main/foto_hrac/Bell.png;Parker;Bell;26/27;C/LW;CBU;22;L;CAN;;;5;2;0;2;2;15:36;-2;0;0;1;37,84;25,0;0,4;0;0,2;8;8;5,26;Motor ČB
https://raw.githubusercontent.com/Adamos1511/ELH_web/main/foto_hrac/Beranek.png;Martin;Beránek;27/28;RW/LW;CBU;25;L;CZE;;;5;0;0;0;0;14:10;-1;0;5;7;25,0;0,0;0;1;1,4;16;15;0;Motor ČB
https://raw.githubusercontent.com/Adamos1511/ELH_web/main/foto_hrac/Bulir.png;Michal;Bulíř;27/28;C;CBU;35;L;CZE;;;5;0;3;3;2;15:54;-1;0;1;1;51,14;0,0;0,6;0,2;0,2;5;7;7,89;Motor ČB
https://raw.githubusercontent.com/Adamos1511/ELH_web/main/foto_hrac/Drancak.png;Samuel;Drančák;27/28+1;C;CBU;20;L;CZE;;;0;0;0;0;0;0:00;0;0;0;0;0;0;0;0;0;16;23;0;Motor ČB
https://raw.githubusercontent.com/Adamos1511/ELH_web/main/foto_hrac/Chlubna.png;Tomáš;Chlubna;26/27+1;RW;CBU;24;P;CZE;;;0;0;0;0;0;0:00;0;0;0;0;0;0;0;0;0;16;23;0;Motor ČB
https://raw.githubusercontent.com/Adamos1511/ELH_web/main/foto_hrac/Hejduk.png;Marek;Hejduk;26/27;RW;CBU;22;P;USA;;;5;0;0;0;0;11:31;-1;0;0;6;60,0;0,0;0;0;1,2;16;19;0;Motor ČB
https://raw.githubusercontent.com/Adamos1511/ELH_web/main/foto_hrac/Hoch.png;Štěpán;Hoch;27/28;LW;CBU;19;L;CZE;;;5;1;3;4;1;14:26;2;2;3;6;50,0;33,33;0,8;0,6;1,2;3;13;10,53;Motor ČB
https://raw.githubusercontent.com/Adamos1511/ELH_web/main/foto_hrac/Humenik.png;Matyáš;Humeník;26/27+1;RW;CBU;19;P;CZE;;;0;0;0;0;0;0:00;0;0;0;0;0;0;0;0;0;16;23;0;Motor ČB
https://raw.githubusercontent.com/Adamos1511/ELH_web/main/foto_hrac/Kolacek.png;Josef;Koláček;27/28;RW;CBU;24;L;CZE;;;0;0;0;0;0;0:00;0;0;0;0;0;0;0;0;0;16;23;0;Motor ČB
https://raw.githubusercontent.com/Adamos1511/ELH_web/main/foto_hrac/Krastenbergs.png;Renars;Krastenbergs;26/27;C/LW;CBU;27;L;LAT;;;5;0;2;2;1;14:53;-2;4;2;3;50,0;0,0;0,4;0,4;0,6;8;11;5,26;Motor ČB
https://raw.githubusercontent.com/Adamos1511/ELH_web/main/foto_hrac/Lantosi.png;Róbert;Lantoši;27/28;RW/C;CBU;30;P;SVK;;;5;0;4;4;3;18:41;-3;2;0;2;25,0;0,0;0,8;0;0,4;3;4;10,53;Motor ČB
https://raw.githubusercontent.com/Adamos1511/ELH_web/main/foto_hrac/Lev.png;Jakub;Lev;27/28+1;F;CBU;19;P;CZE;;;1;0;0;0;0;11:07;0;0;1;0;66,67;0,0;0;1;0;16;20;0;Motor ČB
https://raw.githubusercontent.com/Adamos1511/ELH_web/main/foto_hrac/Novak.png;Pavel;Novák;26/27;RW;CBU;24;P;CZE;;;0;0;0;0;0;0:00;0;0;0;0;0;0;0;0;0;16;23;0;Motor ČB
https://raw.githubusercontent.com/Adamos1511/ELH_web/main/foto_hrac/Olesen.png;Nick;Olesen;27/28;LW/RW;CBU;30;L;DEN;;;4;3;2;5;3;18:41;-1;4;0;3;100,0;21,43;1,25;0;0,75;1;4;13,16;Motor ČB
https://raw.githubusercontent.com/Adamos1511/ELH_web/main/foto_hrac/Ordos.png;Jan;Ordoš;27/28;RW/LW;CBU;29;P;CZE;;;5;2;1;3;1;14:36;3;0;0;1;0,0;15,38;0,6;0;0,2;5;12;7,89;Motor ČB
https://raw.githubusercontent.com/Adamos1511/ELH_web/main/foto_hrac/Pour.png;Jakub;Pour;27/28;RW;CBU;27;L;CZE;;;5;3;0;3;1;14:58;2;6;4;1;50,0;21,43;0,6;0,8;0,2;5;10;7,89;Motor ČB
https://raw.githubusercontent.com/Adamos1511/ELH_web/main/foto_hrac/Toman.png;Matěj;Toman;27/28;C;CBU;25;L;CZE;;;5;0;1;1;0;06:26;0;2;1;1;54,17;0,0;0,2;0,2;0,2;11;22;2,63;Motor ČB
https://raw.githubusercontent.com/Adamos1511/ELH_web/main/foto_hrac/Zachar.png;Marek;Zachar;27/28+1;C;CBU;28;L;CZE;;;5;0;0;0;0;11:46;-1;2;2;4;39,47;0,0;0;0,4;0,8;16;18;0;Motor ČB
https://raw.githubusercontent.com/Adamos1511/ELH_web/main/foto_hrac/Blain.png;Jéremie;Blain;26/27;O;KLA;34;P;CAN;;;1;0;0;0;0;16:15;0;0;0;2;0,0;0,0;0;0;2;14;10;0;Rytíři Kladno
https://raw.githubusercontent.com/Adamos1511/ELH_web/main/foto_hrac/Houdek.png;Michal;Houdek;26/27;O;KLA;26;L;CZE;;;4;0;0;0;0;07:06;1;2;1;0;0,0;0,0;0;0,25;0;14;21;0;Rytíři Kladno
https://raw.githubusercontent.com/Adamos1511/ELH_web/main/foto_hrac/Jandus.png;Martin;Jandus;26/27;O;KLA;28;P;CZE;;;5;1;1;2;0;20:26;2;6;0;10;0,0;10,0;0,4;0;2;6;4;6,06;Rytíři Kladno
https://raw.githubusercontent.com/Adamos1511/ELH_web/main/foto_hrac/Kempny.png;Michal;Kempný;26/27;O;KLA;36;L;CZE;;;5;1;1;2;0;19:52;3;2;2;9;0,0;11,11;0,4;0,4;1,8;6;5;6,06;Idnes.cz
https://raw.githubusercontent.com/Adamos1511/ELH_web/main/foto_hrac/Matejicek.png;Martin;Matějíček;26/27+1;O;KLA;21;L;CZE;;;0;0;0;0;0;0:00;0;0;0;0;0;0;0;0;0;14;25;0;Rytíři Kladno
https://raw.githubusercontent.com/Adamos1511/ELH_web/main/foto_hrac/Mendel.png;Griffin;Mendel;26/27;O;KLA;27;L;CAN;;;5;0;1;1;0;18:39;-1;2;0;8;0,0;0,0;0,2;0;1,6;11;7;3,03;Rytíři Kladno
https://raw.githubusercontent.com/Adamos1511/ELH_web/main/foto_hrac/Pietroniro.png;Phil;Pietroniro;26/27;O;KLA;32;P;ITA;;;5;2;0;2;0;18:07;-3;2;2;2;0,0;16,67;0,4;0,4;0,4;6;9;6,06;Rytíři Kladno
https://raw.githubusercontent.com/Adamos1511/ELH_web/main/foto_hrac/Rulik.png;Adam;Rulík;26/27;O;KLA;29;L;CZE;;;3;0;0;0;0;05:26;-1;0;4;2;0,0;0,0;0;1,33;0,67;14;23;0;Idnes.cz
https://raw.githubusercontent.com/Adamos1511/ELH_web/main/foto_hrac/Tomek.png;Tomáš;Tomek;26/27+1;O;KLA;23;L;CZE;;;5;0;0;0;0;12:30;-2;0;0;5;0,0;0,0;0;0;1;14;16;0;Rytíři Kladno
https://raw.githubusercontent.com/Adamos1511/ELH_web/main/foto_hrac/Vandas.png;Tomáš;Vandas;26/27+1;O;KLA;21;P;CZE;;;0;0;0;0;0;0:00;0;0;0;0;0;0;0;0;0;14;25;0;Isport.cz
https://raw.githubusercontent.com/Adamos1511/ELH_web/main/foto_hrac/Westerlund.png;Filip;Westerlund;26/27;O;KLA;27;P;SWE;;;4;0;2;2;1;18:16;-3;0;2;4;0,0;0,0;0,5;0,5;1;6;8;6,06;Eliteprospects.com
https://raw.githubusercontent.com/Adamos1511/ELH_web/main/foto_hrac/Audette.png;Daniel;Audette;26/27;C/LW;KLA;30;L;CAN;;;5;1;4;5;3;21:03;1;0;1;1;45,33;9,09;1;0,2;0,2;1;1;15,15;Idnes.cz
https://raw.githubusercontent.com/Adamos1511/ELH_web/main/foto_hrac/Bares.png;Adam;Bareš;26/27;F;KLA;22;P;CZE;;;1;0;0;0;0;05:17;-1;0;0;0;0,0;0,0;0;0;0;14;24;0;Rytíři Kladno
https://raw.githubusercontent.com/Adamos1511/ELH_web/main/foto_hrac/Blaha.png;Ondřej;Bláha;26/27;LW;KLA;26;L;CZE;;;2;0;0;0;0;05:43;-1;0;0;0;16,67;0,0;0;0;0;14;22;0;Rytíři Kladno
https://raw.githubusercontent.com/Adamos1511/ELH_web/main/foto_hrac/Forman.png;Miroslav;Forman;26/27;RW;KLA;36;L;CZE;;;5;0;2;2;0;13:15;-3;4;1;1;100,0;0,0;0,4;0,2;0,2;6;14;6,06;Idnes.cz
https://raw.githubusercontent.com/Adamos1511/ELH_web/main/foto_hrac/Hlava .png;Nicolas;Hlava;27/28;LW/RW;KLA;32;P;CZE;;;3;0;1;1;1;10:04;1;0;0;0;0,0;0,0;0,33;0;0;11;19;3,03;Rytíři Kladno
https://raw.githubusercontent.com/Adamos1511/ELH_web/main/foto_hrac/Klima Kel..png;Kelly;Klíma;27/28;RW;KLA;29;P;CZE;;;5;2;1;3;2;20:37;-2;2;0;0;0,0;13,33;0,6;0;0;4;3;9,09;Idnes.cz
https://raw.githubusercontent.com/Adamos1511/ELH_web/main/foto_hrac/Konecny.png;Jakub;Konečný;27/28;C;KLA;24;L;CZE;;;5;3;2;5;2;14:15;0;0;0;4;40,3;50,0;1;0;0,8;1;13;15,15;Rytíři Kladno
https://raw.githubusercontent.com/Adamos1511/ELH_web/main/foto_hrac/Kubik.png;Adam;Kubík;28/29;LW;KLA;27;L;CZE;;;4;0;0;0;0;15:14;1;0;0;1;71,43;0,0;0;0;0,25;14;12;0;Sport.cz
https://raw.githubusercontent.com/Adamos1511/ELH_web/main/foto_hrac/Lisler.png;Oskar;Lisler;26/27;LW/RW;KLA;20;P;CZE;;;5;0;0;0;0;10:50;-2;4;1;3;29,27;0,0;0;0,2;0,6;14;18;0;Rytíři Kladno
https://raw.githubusercontent.com/Adamos1511/ELH_web/main/foto_hrac/Marcel.png;Marcel;Marcel;27/28+1;LW/RW;KLA;22;L;CZE;;;5;0;0;0;0;16:02;-2;0;6;0;57,89;0,0;0;1,2;0;14;11;0;Isport.cz
https://raw.githubusercontent.com/Adamos1511/ELH_web/main/foto_hrac/Ojamaki.png;Niko;Ojamaki;26/27;RW;KLA;31;P;FIN;;;5;2;2;4;1;20:53;1;0;1;7;0,0;18,18;0,8;0,2;1,4;3;2;12,12;Rytíři Kladno
https://raw.githubusercontent.com/Adamos1511/ELH_web/main/foto_hrac/Prikryl.png;Filip;Přikryl;27/28;C/LW;KLA;25;L;CZE;;;5;0;3;3;2;19:21;-1;0;0;3;43,24;0,0;0,6;0;0,6;4;6;9,09;Rytíři Kladno
https://raw.githubusercontent.com/Adamos1511/ELH_web/main/foto_hrac/Prochazka M..png;Martin;Procházka;26/27;RW/LW;KLA;32;P;CZE;;;4;1;0;1;0;11:09;-1;0;3;0;50,0;33,33;0,25;0,75;0;11;17;3,03;kladensky.denik.cz
https://raw.githubusercontent.com/Adamos1511/ELH_web/main/foto_hrac/Redlich S..png;Sebastián;Redlich;26/27+1;F;KLA;22;L;CZE;;;0;0;0;0;0;0:00;0;0;0;0;0;0;0;0;0;14;25;0;Rytíři Kladno
https://raw.githubusercontent.com/Adamos1511/ELH_web/main/foto_hrac/Rysavy.png;Martin;Ryšavý;26/27;LW;KLA;23;L;CZE;;;5;0;0;0;0;09:59;-2;2;4;3;0,0;0,0;0;0,8;0,6;14;20;0;Rytíři Kladno
https://raw.githubusercontent.com/Adamos1511/ELH_web/main/foto_hrac/Vigneault.png;Samuel;Vigneault;26/27;C;KLA;31;L;CAN;;;2;0;0;0;0;13:00;0;0;0;0;48,39;0,0;0;0;0;14;15;0;Rytíři Kladno
https://raw.githubusercontent.com/Adamos1511/ELH_web/main/foto_hrac/Beroun.png;Tadeáš;Beroun;J;O;KOM;18;P;CZE;;;0;0;0;0;0;0:00;0;0;0;0;0;0;0;0;0;20;25;0;Kometa Brno
https://raw.githubusercontent.com/Adamos1511/ELH_web/main/foto_hrac/Gulasi.png;Michal;Gulaši;26/27;O;KOM;40;L;CZE;;;3;0;0;0;0;11:58;0;0;3;10;0,0;0,0;0;1;3,33;20;18;0;Kometa Brno
https://raw.githubusercontent.com/Adamos1511/ELH_web/main/foto_hrac/Kral.png;Filip;Král;27/28;O;KOM;26;L;CZE;;;5;0;1;1;0;19:03;0;2;0;6;0,0;0,0;0,2;0;1,2;9;2;2,56;Kometa Brno
https://raw.githubusercontent.com/Adamos1511/ELH_web/main/foto_hrac/Kucerik.png;Radek;Kučeřík;26/27;O;KOM;24;L;CZE;;;5;0;1;1;0;16:57;2;4;3;10;0,0;0,0;0,2;0,6;2;9;7;2,56;Brnensky.denik.cz
https://raw.githubusercontent.com/Adamos1511/ELH_web/main/foto_hrac/Mikyska.png;Dalimil;Mikyska;26/27;O;KOM;27;L;CZE;;;1;0;0;0;0;02:48;0;0;1;0;0,0;0,0;0;1;0;20;23;0;Kometa Brno
https://raw.githubusercontent.com/Adamos1511/ELH_web/main/foto_hrac/Nedomlel.png;Richard;Nedomlel;28/29;O;KOM;33;L;CZE;;;5;0;0;0;0;11:46;0;2;2;6;0,0;0,0;0;0,4;1,2;20;20;0;Facebook Kometa Brno
https://raw.githubusercontent.com/Adamos1511/ELH_web/main/foto_hrac/Svozil.png;Stanislav;Svozil;27/28;O;KOM;23;L;CZE;;;2;0;1;1;0;10:42;0;0;0;3;0,0;0,0;0,5;0;1,5;9;21;2,56;Kometa Brno
https://raw.githubusercontent.com/Adamos1511/ELH_web/main/foto_hrac/Scotka.png;Jan;Ščotka;27/28;O;KOM;30;L;CZE;;;5;0;1;1;0;16:53;2;2;0;4;0,0;0,0;0,2;0;0,8;9;8;2,56;Eliteprospects.com
https://raw.githubusercontent.com/Adamos1511/ELH_web/main/foto_hrac/Witkowski.png;Luke;Witkowski;26/27;O;KOM;36;P;USA;;;5;1;0;1;0;17:24;3;2;8;5;0,0;25,0;0,2;1,6;1;9;6;2,56;Hokej.cz
https://raw.githubusercontent.com/Adamos1511/ELH_web/main/foto_hrac/Zabransky.png;Libor;Zábranský;27/28;O;KOM;26;P;CZE;;;5;0;3;3;0;20:45;-1;0;0;10;0,0;0,0;0,6;0;2;5;1;7,69;Kometa Brno
https://raw.githubusercontent.com/Adamos1511/ELH_web/main/foto_hrac/Zubicek.png;Jakub;Zubíček;27/28+1;O;KOM;20;L;CZE;;;0;0;0;0;0;0:00;0;0;0;0;0;0;0;0;0;20;25;0;Facebook Kometa Brno
https://raw.githubusercontent.com/Adamos1511/ELH_web/main/foto_hrac/Brabenec.png;Jakub;Brabenec;27/28+1;C/LW;KOM;23;L;CZE;;;5;0;1;1;0;13:27;1;0;0;2;29,63;0,0;0,2;0;0,4;9;14;2,56;Hokej.cz
https://raw.githubusercontent.com/Adamos1511/ELH_web/main/foto_hrac/Cingel.png;Lukáš;Cingel;26/27;C;KOM;34;L;SVK;;;4;0;0;0;0;11:55;1;0;0;5;42,86;0,0;0;0;1,25;20;19;0;Kometa Brno
https://raw.githubusercontent.com/Adamos1511/ELH_web/main/foto_hrac/Cajkovic.png;Maxim;Čajkovič;26/27;RW;KOM;25;P;SVK;;;1;0;0;0;0;01:29;0;0;0;0;0,0;0,0;0;0;0;20;24;0;Eliteprospects.com
https://raw.githubusercontent.com/Adamos1511/ELH_web/main/foto_hrac/Ekrt.png;Jan;Ekrt;26/27;C;KOM;22;P;CZE;;;0;0;0;0;0;0:00;0;0;0;0;0;0;0;0;0;20;25;0;Kometa Brno
https://raw.githubusercontent.com/Adamos1511/ELH_web/main/foto_hrac/Flek.png;Jakub;Flek;27/28+1;LW/RW;KOM;33;L;CZE;;;5;2;2;4;1;17:47;-1;0;0;2;80,0;18,18;0,8;0;0,4;2;3;10,26;Kometa Brno
https://raw.githubusercontent.com/Adamos1511/ELH_web/main/foto_hrac/Hartl.png;Michal;Hartl;J;C/W;KOM;17;P;CZE;;;3;1;0;1;0;08:02;1;0;0;0;0,0;25,0;0,33;0;0;9;22;2,56;Kometa Brno
https://raw.githubusercontent.com/Adamos1511/ELH_web/main/foto_hrac/Chludil.png;Danny;Chludil;26/27+1;LW;KOM;20;L;CZE;;;0;0;0;0;0;0:00;0;0;0;0;0;0;0;0;0;20;25;0;Kometa Brno
https://raw.githubusercontent.com/Adamos1511/ELH_web/main/foto_hrac/Ilomaki.png;Arttu;Ilomaki;26/27;C/RW;KOM;35;P;CZE;;;5;1;1;2;0;17:26;3;0;0;5;49,41;25,0;0,4;0;1;7;5;5,13;Idnes.cz
https://raw.githubusercontent.com/Adamos1511/ELH_web/main/foto_hrac/Kollar.png;Andrej;Kollár;26/27;C/W;KOM;26;P;CZE;;;5;1;0;1;0;13:02;-3;4;1;2;39,53;14,29;0,2;0,2;0,4;9;17;2,56;Kometa Brno
https://raw.githubusercontent.com/Adamos1511/ELH_web/main/foto_hrac/Kunc.png;Michal;Kunc;26/27;LW/RW;KOM;25;L;CZE;;;5;2;2;4;1;16:08;4;0;1;5;0,0;33,33;0,8;0,2;1;2;10;10,26;Livesport.cz
https://raw.githubusercontent.com/Adamos1511/ELH_web/main/foto_hrac/Kusko.png;Silvester;Kusko;27/28;C/LW;KOM;31;L;SVK;;;5;0;1;1;0;13:17;3;0;1;7;50,0;0,0;0,2;0,2;1,4;9;15;2,56;Kometa Brno
https://raw.githubusercontent.com/Adamos1511/ELH_web/main/foto_hrac/Leino.png;Robert;Leino;26/27;C;KOM;33;P;FIN;;;4;2;4;6;1;15:02;5;0;0;2;43,48;22,22;1,5;0;0,5;1;13;15,38;Isport.cz
https://raw.githubusercontent.com/Adamos1511/ELH_web/main/foto_hrac/Moravec.png;David;Moravec;26/27;LW;KOM;21;L;CZE;;;5;0;1;1;0;17:47;-3;2;0;7;0,0;0,0;0,2;0;1,4;9;3;2,56;Isport.cz
https://raw.githubusercontent.com/Adamos1511/ELH_web/main/foto_hrac/Pospisil.png;Kristián;Pospíšil;26/27;LW;KOM;30;L;SVK;;;5;1;3;4;0;16:40;-3;2;0;2;0,0;14,29;0,8;0;0,4;2;9;10,26;Isport.cz
https://raw.githubusercontent.com/Adamos1511/ELH_web/main/foto_hrac/Selic.png;Tomáš;Selič;J;RW;KOM;17;L;SVK;;;0;0;0;0;0;0:00;0;0;0;0;0;0;0;0;0;20;25;0;Kometa Brno
https://raw.githubusercontent.com/Adamos1511/ELH_web/main/foto_hrac/Suss.png;Jan;Suss;26/27;C;KOM;27;L;CZE;;;0;0;0;0;0;0:00;0;0;0;0;0;0;0;0;0;20;25;0;Kometa Brno
https://raw.githubusercontent.com/Adamos1511/ELH_web/main/foto_hrac/Vehovsky.png;Maxim;Vehovský;26/27;RW/LW;KOM;21;L;CZE;;;0;0;0;0;0;0:00;0;0;0;0;0;0;0;0;0;20;25;0;Kometa Brno
https://raw.githubusercontent.com/Adamos1511/ELH_web/main/foto_hrac/Zboril A..png;Adam;Zbořil;27/28;C/LW;KOM;31;L;CZE;;;5;3;0;3;0;15:55;0;4;6;3;0,0;23,08;0,6;1,2;0,6;5;11;7,69;Oneplaysport
https://raw.githubusercontent.com/Adamos1511/ELH_web/main/foto_hrac/Zohorna H..png;Hynek;Zohorna;26/27;RW/C;KOM;36;P;CZE;;;5;1;1;2;0;15:53;-2;4;4;6;53,85;25,0;0,4;0,8;1,2;7;12;5,13;Kometa Brno
https://raw.githubusercontent.com/Adamos1511/ELH_web/main/foto_hrac/Zohorna T..png;Tomáš;Zohorna;26/27+1;C/LW;KOM;38;L;CZE;;;5;1;0;1;0;13:04;-5;4;2;2;58,49;20,0;0,2;0,4;0,4;9;16;2,56;Kometa Brno
https://raw.githubusercontent.com/Adamos1511/ELH-web/main/foto_hrac/Brickley.png;Daniel;Brickley;26/27+1;O;KVA;31;L;USA;;;4;0;1;1;0;22:14;0;0;2;5;0,0;0,0;0,25;0,5;1,25;7;1;3,85;Karlovy Vary
https://raw.githubusercontent.com/Adamos1511/ELH_web/main/foto_hrac/Dyk.png;Kryštof;Dyk;26/27;O;KVA;19;L;CZE;;;0;0;0;0;0;0:00;0;0;0;0;0;0;0;0;0;15;21;0;Karlovy Vary
https://raw.githubusercontent.com/Adamos1511/ELH-web/main/foto_hrac/Eronen.png;Elmeri;Eronen;26/27+1;O;KVA;31;P;FIN;;;4;0;0;0;0;15:53;-2;0;0;2;0,0;0,0;0;0;0,5;15;12;0;Karlovy Vary
https://raw.githubusercontent.com/Adamos1511/ELH-web/main/foto_hrac/Koci.png;Matteo;Kočí;29/30;O;KVA;21;L;CZE;;;4;0;1;1;1;18:23;0;2;5;1;0,0;0,0;0,25;1,25;0,25;7;4;3,85;Karlovy Vary
https://raw.githubusercontent.com/Adamos1511/ELH-web/main/foto_hrac/Kurka.png;Pavel;Kůrka;J;O;KVA;18;L;CZE;;;0;0;0;0;0;0:00;0;0;0;0;0;0;0;0;0;15;21;0;Karlovy Vary
https://raw.githubusercontent.com/Adamos1511/ELH-web/main/foto_hrac/Mamcics.png;Roberts;Mamčics;26/27;O;KVA;31;L;LAT;;;4;1;1;2;0;19:01;3;5;3;1;0,0;25,0;0,5;0,75;0,25;4;3;7,69;Karlovy Vary
https://raw.githubusercontent.com/Adamos1511/ELH-web/main/foto_hrac/Mysak.png;Josef;Myšák;26/27;O;KVA;27;L;CZE;;;3;0;0;0;0;12:51;1;0;0;5;0,0;0,0;0;0;1,67;15;15;0;Deník.cz
https://raw.githubusercontent.com/Adamos1511/ELH-web/main/foto_hrac/Schmiemann.png;Quinn;Schmiemann;26/27+1;O;KVA;25;L;CAN;;;3;0;1;1;0;12:02;1;0;1;3;0,0;0,0;0,33;0,33;1;7;16;3,85;hockeydb.com
https://raw.githubusercontent.com/Adamos1511/ELH-web/main/foto_hrac/Winberg.png;Tobias;Winberg;26/27+1;O;KVA;27;L;FIN;;;4;0;1;1;0;19:14;2;0;0;2;0,0;0,0;0,25;0;0,5;7;2;3,85;Drbna.cz
https://raw.githubusercontent.com/Adamos1511/ELH-web/main/foto_hrac/Beranek O..jpg;Ondřej;Beránek;27/28;LW/RW;KVA;30;L;CZE;;;4;0;1;1;0;16:50;0;0;0;2;0,0;0,0;0,25;0;0,5;7;10;3,85;Veru Masatova photo
https://raw.githubusercontent.com/Adamos1511/ELH-web/main/foto_hrac/Bambula.png;Jan;Bambula;27/28;LW;KVA;25;L;CZE;;;4;2;1;3;0;15:46;4;2;1;3;100,0;25,0;0,75;0,25;0,75;2;13;11,54;Eliteprospects.com
https://raw.githubusercontent.com/Adamos1511/ELH-web/main/foto_hrac/Cernoch.jpg;Jiří;Černoch;28/29;C/RW;KVA;30;P;CZE;;;4;1;0;1;0;18:12;-1;2;0;2;63,53;12,5;0,25;0;0,5;7;5;3,85;Veru Masatova photo
https://raw.githubusercontent.com/Adamos1511/ELH-web/main/foto_hrac/Egle.png;Haralds;Egle;26/27;C/RW;KVA;29;P;LAT;;;4;0;2;2;1;14:22;-2;4;0;1;42,37;0,0;0,5;0;0,25;4;14;7,69;Karlovy Vary
https://raw.githubusercontent.com/Adamos1511/ELH-web/main/foto_hrac/Jiskra.jpg;Vít;Jiskra;27/28;C/LW;KVA;25;L;CZE;;;4;1;1;2;0;17:37;0;2;0;3;33,33;12,5;0,5;0;0,75;4;7;7,69;Veru Masatova photo
https://raw.githubusercontent.com/Adamos1511/ELH-web/main/foto_hrac/Jones.jpg;Nick;Jones;26/27;C/RW;KVA;30;P;CAN;;;4;4;2;6;2;17:43;4;4;0;3;61,11;33,33;1,5;0;0,75;1;6;23,08;Veru Masatova photo
https://raw.githubusercontent.com/Adamos1511/ELH-web/main/foto_hrac/Koffer.jpg;Filip;Koffer;27/28;RW/LW;KVA;25;L;CZE;;;4;0;0;0;0;08:18;0;0;1;3;0,0;0,0;0;0,25;0,75;15;19;0;Veru Masatova photo
https://raw.githubusercontent.com/Adamos1511/ELH-web/main/foto_hrac/Lukosik.png;Adam;Lukošík;26/27;LW;KVA;24;L;SVK;;;2;0;0;0;0;11:34;-1;0;3;2;0,0;0,0;0;1,5;1;15;17;0;Karlovy Vary
https://raw.githubusercontent.com/Adamos1511/ELH-web/main/foto_hrac/Minarik.png;Jakub;Minárik;26/27;C;KVA;26;L;SVK;;;4;0;1;1;1;17:23;-1;4;0;3;55,56;0,0;0,25;0;0,75;7;9;3,85;Karlovy Vary
https://raw.githubusercontent.com/Adamos1511/ELH-web/main/foto_hrac/Redlich T..png;Tomáš;Redlich;27/28;LW/RW;KVA;33;L;CZE;;;4;0;0;0;0;10:47;0;0;1;1;50,0;0,0;0;0,25;0,25;15;18;0;Denik.cz
https://raw.githubusercontent.com/Adamos1511/ELH-web/main/foto_hrac/Sapousek.jpg;Robin;Sapoušek;26/27;C;KVA;22;L;CZE;;;0;0;0;0;0;0:00;0;0;0;0;0;0;0;0;0;15;21;0;Veru Masatova photo
https://raw.githubusercontent.com/Adamos1511/ELH-web/main/foto_hrac/Stastny.jpg;David;Šťastný;26/27;LW;KVA;33;L;CZE;;;4;1;2;3;0;17:36;2;2;0;3;0,0;7,14;0,75;0;0,75;2;8;11,54;Veru Masatova photo
https://raw.githubusercontent.com/Adamos1511/ELH-web/main/foto_hrac/Tomek P..jpg;Petr;Tomek;J;C;KVA;17;L;CZE;;;4;1;0;1;0;16:02;-2;2;0;1;0,0;16,67;0,25;0;0,25;7;11;3,85;Veru Masatova photo
https://raw.githubusercontent.com/Adamos1511/ELH-web/main/foto_hrac/Vana.png;Matyáš;Váňa;26/27;C;KVA;21;L;CZE;;;2;0;0;0;0;06:32;0;0;0;0;57,14;0,0;0;0;0;15;20;0;Karlovy Vary
https://raw.githubusercontent.com/Adamos1511/ELH-web/main/foto_hrac/Ahac.png?v=2;Layton;Ahac;26/27;O;LIB;25;L;CAN;;;5;0;0;0;0;18:08;1;2;1;4;0,0;0,0;0;0,2;0,8;13;6;0;Liberec
https://raw.githubusercontent.com/Adamos1511/ELH-web/main/foto_hrac/Galvas.png;Tomáš;Galvas;27/28;O;LIB;20;L;CZE;;;1;0;0;0;0;21:31;-1;0;0;2;0,0;0,0;0;0;2;13;2;0;Sport.cz
https://raw.githubusercontent.com/Adamos1511/ELH-web/main/foto_hrac/Hanousek.png?v=2;Tomáš;Hanousek;26/27+1;O;LIB;28;P;CZE;;;0;0;0;0;0;0:00;0;0;0;0;0;0;0;0;0;13;21;0;Eliteprospects.com
https://raw.githubusercontent.com/Adamos1511/ELH-web/main/foto_hrac/Ivan.png?v=2;Michal;Ivan;26/27;O;LIB;26;L;SVK;;;5;0;1;1;0;18:26;-2;4;0;10;0,0;0,0;0,2;0;2;7;5;5;Liberec
https://raw.githubusercontent.com/Adamos1511/ELH-web/main/foto_hrac/Kachlir.png?v=2;Lukáš;Kachlíř;28/29;O;LIB;17;P;CZE;;;5;1;0;1;0;15:38;0;2;0;3;0,0;12,5;0,2;0;0,6;7;14;5;Drbna.cz
https://raw.githubusercontent.com/Adamos1511/ELH-web/main/foto_hrac/Simek.png?v=2;Radim;Šimek;29/30;O;LIB;33;L;CZE;;;5;0;1;1;1;21:37;-4;0;5;8;0,0;0,0;0,2;1;1,6;7;1;5;iDnes.cz
https://raw.githubusercontent.com/Adamos1511/ELH-web/main/foto_hrac/Zeman.png?v=2;Denis;Zeman;26/27+1;O;LIB;25;P;CZE;;;5;0;0;0;0;19:39;1;2;2;7;0,0;0,0;0;0,4;1,4;13;4;0;Liberec
https://raw.githubusercontent.com/Adamos1511/ELH-web/main/foto_hrac/Zile.png?v=2;Kristaps;Zile;26/27+1;O;LIB;28;L;LAT;;;5;0;0;0;0;18:07;0;4;1;7;0,0;0,0;0;0,2;1,4;13;7;0;Liberec
https://raw.githubusercontent.com/Adamos1511/ELH-web/main/foto_hrac/Fasko-Rudas.png?v=2;Martin;Faško-Rudáš;27/28+1;RW/LW;LIB;26;P;SVK;;;5;0;2;2;0;15:32;0;2;0;2;33,33;0,0;0,4;0;0,4;3;15;10;Liberec
https://raw.githubusercontent.com/Adamos1511/ELH-web/main/foto_hrac/Filippi.png?v=2;Tomáš;Filippi;26/27;C;LIB;34;L;CZE;;;5;1;2;3;0;16:39;1;2;1;3;60,87;9,09;0,6;0,2;0,6;1;12;15;Liberec
https://raw.githubusercontent.com/Adamos1511/ELH-web/main/foto_hrac/Hujer.png?v=2;Jakub;Hujer;27/28+1;LW/C;LIB;22;L;CZE;;;2;0;0;0;0;06:12;0;0;2;0;27,27;0,0;0;1;0;13;20;0;Hokej.cz
https://raw.githubusercontent.com/Adamos1511/ELH-web/main/foto_hrac/Jansa.png?v=2;Filip;Jansa;27/28;LW;LIB;24;L;CZE;;;2;0;0;0;0;12:21;-1;0;0;2;46,15;0,0;0;0;1;13;17;0;Hokej.cz
https://raw.githubusercontent.com/Adamos1511/ELH-web/main/foto_hrac/Lenc.png?v=2;Radan;Lenc;27/28;LW/RW;LIB;35;L;CZE;;;5;0;1;1;0;18:04;-2;2;4;2;100,0;0,0;0,2;0,8;0,4;7;8;5;Hokej.cz
https://raw.githubusercontent.com/Adamos1511/ELH-web/main/foto_hrac/Musil A..png;Adam;Musil;26/27;C/LW;LIB;29;P;CZE;;;5;0;1;1;0;17:56;3;6;3;6;54,29;0,0;0,2;0,6;1,2;7;10;5;Liberec
https://raw.githubusercontent.com/Adamos1511/ELH-web/main/foto_hrac/Najman.png?v=2;Adam;Najman;27/28;C/LW;LIB;25;L;CZE;;;5;1;1;2;1;18:00;-4;2;0;3;64,76;14,29;0,4;0;0,6;3;9;10;Liberec
https://raw.githubusercontent.com/Adamos1511/ELH-web/main/foto_hrac/Perez.png?v=2;Jaromír;Peréz;27/28;LW/RW;LIB;21;L;CZE;;;0;0;0;0;0;0:00;0;0;0;0;0;0;0;0;0;13;21;0;Liberec
https://raw.githubusercontent.com/Adamos1511/ELH-web/main/foto_hrac/Petrovsky.png?v=2;Servác;Petrovský;27/28+1;C/RW;LIB;22;L;SVK;;;5;0;0;0;0;14:15;1;2;0;4;0,0;0,0;0;0;0,8;13;16;0;sportovy.cas.sk
https://raw.githubusercontent.com/Adamos1511/ELH-web/main/foto_hrac/Prochazka.png?v=2;Ondřej;Procházka;26/27+1;LW;LIB;29;L;CZE;;;5;0;1;1;0;09:25;-3;0;0;1;0,0;0,0;0,2;0;0,2;7;19;5;iDnes.cz
https://raw.githubusercontent.com/Adamos1511/ELH-web/main/foto_hrac/Pytlik.png?v=2;Jaromír;Pytlík;26/27+1;C/RW;LIB;24;P;CZE;;;5;2;0;2;0;16:12;1;6;2;3;60,0;25,0;0,4;0,4;0,6;3;13;10;Liberec
https://raw.githubusercontent.com/Adamos1511/ELH-web/main/foto_hrac/Rychlovsky.png?v=2;Jakub;Rychlovský;27/28;LW/RW;LIB;25;L;CZE;;;5;2;0;2;0;19:41;-3;2;3;7;100,0;14,29;0,4;0,6;1,4;3;3;10;Liberec
https://raw.githubusercontent.com/Adamos1511/ELH-web/main/foto_hrac/Sandberg.png?v=2;Filip;Sandberg;26/27;C/RW;LIB;32;P;SWE;;;5;3;0;3;1;17:44;1;0;1;1;0,0;42,86;0,6;0,2;0,2;1;11;15;Liberec
https://raw.githubusercontent.com/Adamos1511/ELH-web/main/foto_hrac/Vlach.png?v=2;Jaroslav;Vlach;26/27;LW;LIB;34;L;CZE;;;5;0;0;0;0;09:56;-4;0;3;4;50,0;0,0;0;0,6;0,8;13;18;0;Facebook - Hokej a vše kolem
https://raw.githubusercontent.com/Adamos1511/ELH-web/main/foto_hrac/Balaz.png?v=2;Ondřej;Baláž;26/27;O;LIT;23;L;CZE;;;5;0;0;0;0;11:55;3;2;0;8;0,0;0,0;0;0;1,6;13;15;0;Verva Litvínov
https://raw.githubusercontent.com/Adamos1511/ELH-web/main/foto_hrac/Beran.png?v=2;Vít;Beran;26/27;O;LIT;22;L;CZE;;;4;0;0;0;0;04:51;-1;4;0;0;0,0;0,0;0;0;0;13;20;0;Eliteprospects.com
https://raw.githubusercontent.com/Adamos1511/ELH-web/main/foto_hrac/Czuczman.png?v=2;Kevin;Czuczman;27/28;O;LIT;35;L;CAN;;;5;0;0;0;0;18:28;-3;6;0;4;0,0;0,0;0;0;0,8;13;7;0;Verva Litvínov
https://raw.githubusercontent.com/Adamos1511/ELH-web/main/foto_hrac/Husinecky.png?v=2;Vojtěch;Husinecký;26/27+1;O;LIT;21;P;CZE;;;5;0;0;0;0;17:51;-1;2;2;11;0,0;0,0;0;0,4;2,2;13;10;0;Verva Litvínov
https://raw.githubusercontent.com/Adamos1511/ELH-web/main/foto_hrac/Jaks.png?v=2;Janis;Jaks;26/27;O;LIT;30;P;LAT;;;5;2;1;3;2;20:25;-2;6;1;3;0,0;14,29;0,6;0,2;0,6;3;2;11,54;Sport.cz
https://raw.githubusercontent.com/Adamos1511/ELH-web/main/foto_hrac/Moravcik.png?v=2;Michal;Moravčík;26/27;O;LIT;31;L;CZE;;;5;0;1;1;0;18:06;-2;2;1;2;0,0;0,0;0,2;0,2;0,4;7;8;3,85;iRozhlas.cz
https://raw.githubusercontent.com/Adamos1511/ELH-web/main/foto_hrac/Polasek.png?v=2;Adam;Polášek;27/28;O;LIT;35;L;CZE;;;5;1;0;1;0;18:54;0;6;2;12;0,0;25,0;0,2;0,4;2,4;7;6;3,85;Verva Litvínov
https://raw.githubusercontent.com/Adamos1511/ELH_web/main/foto_hrac/Sousek.png;Petr;Soušek;26/27+1;O;LIT;19;L;CZE;;;0;0;0;0;0;0:00;0;0;0;0;0;0;0;0;0;13;23;0;Eliteprospects.com
https://raw.githubusercontent.com/Adamos1511/ELH_web/main/foto_hrac/Tittl.png;Filip;Tittl;27/28+1;O;LIT;19;L;CZE;;;3;0;0;0;0;03:16;0;0;0;1;0,0;0,0;0;0;0,33;13;21;0;Slavia Praha
https://raw.githubusercontent.com/Adamos1511/ELH-web/main/foto_hrac/Bednarik.png?v=2;Jonáš;Bednařík;26/27+1;C;LIT;19;L;CZE;;;1;0;0;0;0;00:55;0;0;0;0;0,0;0,0;0;0;0;13;22;0;Verva Litvínov
https://raw.githubusercontent.com/Adamos1511/ELH-web/main/foto_hrac/Gut.png?v=2;Michal;Gut;26/27+1;C;LIT;24;L;CZE;;;5;0;0;0;0;13:26;1;2;1;4;37,93;0,0;0;0,2;0,8;13;13;0;Verva Litvínov
https://raw.githubusercontent.com/Adamos1511/ELH-web/main/foto_hrac/Havelka.png?v=2;Martin;Havelka;27/28;LW/RW;LIT;28;L;CZE;;;3;0;0;0;0;10:03;-3;2;2;5;0,0;0,0;0;0,67;1,67;13;18;0;Verva Litvínov
https://raw.githubusercontent.com/Adamos1511/ELH-web/main/foto_hrac/Jicha.png?v=2;Josef;Jícha;26/27;C/LW;LIT;29;L;CZE;;;4;0;0;0;0;13:37;-1;0;1;4;58,14;0,0;0;0,25;1;13;12;0;Verva Litvínov
https://raw.githubusercontent.com/Adamos1511/ELH-web/main/foto_hrac/Jurcik.png?v=2;Ondřej;Jurčík;26/27+1;C;LIT;34;L;CZE;;;5;0;2;2;0;11:06;-3;2;0;7;41,03;0,0;0,4;0;1,4;5;17;7,69;Verva Litvínov
https://raw.githubusercontent.com/Adamos1511/ELH-web/main/foto_hrac/Kampf.png?v=2;David;Kämpf;28/29;C;LIT;31;L;CZE;;;5;1;3;4;2;22:48;-3;4;0;2;62,68;7,69;0,8;0;0,4;2;1;15,38;Sport.cz
https://raw.githubusercontent.com/Adamos1511/ELH-web/main/foto_hrac/Kase D..png;David;Kaše;28/29;C/LW;LIT;29;L;CZE;;;1;0;0;0;0;20:23;1;0;0;0;0,0;0,0;0;0;0;13;3;0;iSport.cz
https://raw.githubusercontent.com/Adamos1511/ELH-web/main/foto_hrac/Kase O..png;Ondřej;Kaše;28/29;RW;LIT;30;P;CZE;;;5;2;4;6;4;19:39;-2;0;0;4;0,0;11,11;1,2;0;0,8;1;4;23,08;iDnes.cz
https://raw.githubusercontent.com/Adamos1511/ELH-web/main/foto_hrac/Koblasa.png?v=2;Petr;Koblasa;27/28;RW;LIT;32;P;CZE;;;5;2;1;3;2;16:51;0;8;1;4;50,0;13,33;0,6;0,2;0,8;3;11;11,54;Verva Litvínov
https://raw.githubusercontent.com/Adamos1511/ELH-web/main/foto_hrac/Mastalirsky.png?v=2;Matěj;Maštalířský;26/27;LW/RW;LIT;21;L;CZE;;;5;0;1;1;1;17:54;-3;0;0;4;100,0;0,0;0,2;0;0,8;7;9;3,85;Verva Litvínov
https://raw.githubusercontent.com/Adamos1511/ELH-web/main/foto_hrac/Pistek.png?v=2;Theodor;Pištěk;26/27;RW/LW;LIT;25;P;CZE;;;5;1;1;2;1;12:37;1;2;2;3;33,33;11,11;0,4;0,4;0,6;5;14;7,69;Oneplaysport.cz
https://raw.githubusercontent.com/Adamos1511/ELH-web/main/foto_hrac/Sukel.png?v=2;Matuš;Sukel;26/27;C;LIT;30;L;SVK;;;3;1;0;1;0;19:35;0;4;0;4;45,83;33,33;0,33;0;1,33;7;5;3,85;Verva Litvínov
https://raw.githubusercontent.com/Adamos1511/ELH_web/main/foto_hrac/Urban.png;Tomáš;Urban;Hostování;C/LW;LIT;24;L;CZE;;;5;0;1;1;0;09:26;-1;0;1;0;50,0;0,0;0,2;0,2;0;7;19;3,85;Verva Litvínov
https://raw.githubusercontent.com/Adamos1511/ELH-web/main/foto_hrac/Zygmunt.png?v=2;Pawel;Zygmunt;26/27;RW;LIT;26;P;POL;;;5;0;1;1;0;11:48;1;0;2;1;33,33;0,0;0,2;0,4;0,2;7;16;3,85;Sport.cz
https://raw.githubusercontent.com/Adamos1511/ELH-web/main/foto_hrac/Budik.png?v=2;Vojtěch;Budík;26/27;O;MBL;28;L;CZE;;;5;0;0;0;0;20:11;4;4;0;10;0,0;0,0;0;0;2;15;1;0;Mlada Boleslav
https://raw.githubusercontent.com/Adamos1511/ELH-web/main/foto_hrac/Hlinsky.png?v=2;Adam Martin;Hlinský;26/27;O;MBL;20;L;CZE;;;0;0;0;0;0;0:00;0;0;0;0;0;0;0;0;0;15;23;0;Mlada Boleslav
https://raw.githubusercontent.com/Adamos1511/ELH-web/main/foto_hrac/Janosik.png?v=2;Adam;Jánošík;27/28;O;MBL;34;L;SVK;;;1;0;0;0;0;06:04;0;0;0;0;0,0;0,0;0;0;0;15;21;0;Mlada Boleslav
https://raw.githubusercontent.com/Adamos1511/ELH-web/main/foto_hrac/Krepelka.png?v=2;Karel;Křepelka;27/28;O;MBL;22;P;CZE;;;3;0;0;0;0;08:07;0;0;1;2;0,0;0,0;0;0,33;0,67;15;20;0;Mlada Boleslav
https://raw.githubusercontent.com/Adamos1511/ELH-web/main/foto_hrac/Kubicek.png?v=2;Šimon;Kubíček;27/28;O;MBL;24;P;CZE;;;5;1;1;2;0;15:33;-2;6;1;7;0,0;11,11;0,4;0,2;1,4;5;9;5,88;Mlada Boleslav
https://raw.githubusercontent.com/Adamos1511/ELH-web/main/foto_hrac/Moravec D..png;David;Moravec;27/28;O;MBL;22;L;CZE;;;5;0;1;1;0;17:47;-3;2;0;7;0,0;0,0;0,2;0;1,4;12;6;2,94;Mlada Boleslav
https://raw.githubusercontent.com/Adamos1511/ELH-web/main/foto_hrac/Pavlik F..png;Filip;Pavlík;26/27;O;MBL;34;P;CZE;;;5;1;0;1;0;19:15;2;4;2;5;0,0;16,67;0,2;0,4;1;12;4;2,94;Mlada Boleslav
https://raw.githubusercontent.com/Adamos1511/ELH-web/main/foto_hrac/Skarberg.png?v=2;Martin;Skarberg;27/28;O;MBL;23;L;SWE;;;5;0;0;0;0;15:03;0;0;0;9;0,0;0,0;0;0;1,8;15;11;0;hokej.cz
https://raw.githubusercontent.com/Adamos1511/ELH-web/main/foto_hrac/Vlasak.png?v=2;Adam;Vlasák;26/27;O;MBL;21;L;CZE;;;0;0;0;0;0;0:00;0;0;0;0;0;0;0;0;0;15;23;0;Mlada Boleslav
https://raw.githubusercontent.com/Adamos1511/ELH-web/main/foto_hrac/Vochvest.png?v=2;Vojtěch;Vochvest;26/27;O;MBL;20;L;CZE;;;0;0;0;0;0;0:00;0;0;0;0;0;0;0;0;0;15;23;0;Mlada Boleslav
https://raw.githubusercontent.com/Adamos1511/ELH-web/main/foto_hrac/Zamorsky.png?v=2;Petr;Zámorský;27/28;O;MBL;34;P;CZE;;;5;0;2;2;1;19:52;-2;0;0;4;0,0;0,0;0,4;0;0,8;5;2;5,88;Mlada Boleslav
https://raw.githubusercontent.com/Adamos1511/ELH-web/main/foto_hrac/Buchtele.png?v=2;Jan;Buchtele;26/27;LW;MBL;36;L;CZE;;;5;0;0;0;0;13:40;-1;0;0;3;0,0;0,0;0;0;0,6;15;13;0;Mlada Boleslav
https://raw.githubusercontent.com/Adamos1511/ELH-web/main/foto_hrac/Fort.png?v=2;Tomáš;Fořt;27/28;C;MBL;34;L;CZE;;;4;0;0;0;0;12:31;-2;0;0;1;53,85;0,0;0;0;0,25;15;16;0;Veru Masatova photo
https://raw.githubusercontent.com/Adamos1511/ELH-web/main/foto_hrac/Gardon.png?v=2;Matěj;Gardoň;26/27;LW;MBL;22;L;CZE;;;5;1;1;2;0;10:01;2;6;1;4;0,0;33,33;0,4;0,2;0,8;5;18;5,88;Mlada Boleslav
https://raw.githubusercontent.com/Adamos1511/ELH-web/main/foto_hrac/Gavars.png?v=2;Felikss;Gavars;26/27;F;MBL;24;L;LAT;;;5;2;3;5;1;14:56;4;4;0;1;31,37;33,33;1;0;0,2;1;12;14,71;Mlada Boleslav
https://raw.githubusercontent.com/Adamos1511/ELH-web/main/foto_hrac/Griger.png?v=2;Dávid;Gríger;27/28;C/RW;MBL;31;P;SVK;;;5;1;1;2;0;15:21;-2;0;0;5;53,33;11,11;0,4;0;1;5;10;5,88;Oneplay sport
https://raw.githubusercontent.com/Adamos1511/ELH-web/main/foto_hrac/Hradec.png?v=2;Vojtěch;Hradec;26/27;C;MBL;20;L;CZE;;;2;0;0;0;0;09:09;-2;0;0;1;66,67;0,0;0;0;0,5;15;19;0;Mlada Boleslav
https://raw.githubusercontent.com/Adamos1511/ELH-web/main/foto_hrac/Jandric.png?v=2;Steven;Jandric;26/27;LW;MBL;29;L;CAN;;;5;1;2;3;0;16:25;-1;2;2;3;75,0;10,0;0,6;0,4;0,6;4;8;8,82;Mlada Boleslav
https://raw.githubusercontent.com/Adamos1511/ELH-web/main/foto_hrac/Koblizek.png?v=2;Radek;Koblížek;27/28;RW/LW;MBL;28;P;CZE;;;5;1;1;2;1;12:48;-1;2;0;0;0,0;16,67;0,4;0;0;5;15;5,88;Mlada Boleslav
https://raw.githubusercontent.com/Adamos1511/ELH-web/main/foto_hrac/Kral P..png;Patrik;Král;26/27;F;MBL;20;L;CZE;;;0;0;0;0;0;0:00;0;0;0;0;0;0;0;0;0;15;23;0;Mlada Boleslav
https://raw.githubusercontent.com/Adamos1511/ELH-web/main/foto_hrac/Lichtag.png?v=2;Jakub;Lichtag;26/27;LW/RW;MBL;24;L;CZE;;;5;1;1;2;0;12:24;2;4;3;2;0,0;14,29;0,4;0,6;0,4;5;17;5,88;Mlada Boleslav
https://raw.githubusercontent.com/Adamos1511/ELH-web/main/foto_hrac/Malinek.png?v=2;Vojtěch;Malínek;27/28;C;MBL;21;L;CZE;;;4;0;0;0;0;04:37;-1;0;3;1;66,67;0,0;0;0,75;0,25;15;22;0;Mlada Boleslav
https://raw.githubusercontent.com/Adamos1511/ELH-web/main/foto_hrac/Martel.png?v=2;Jordan;Martel;26/27+1;RW/LW;MBL;28;P;CAN;;;5;1;3;4;1;16:45;-2;2;1;0;0,0;7,69;0,8;0,2;0;3;7;11,76;sport.cz
https://raw.githubusercontent.com/Adamos1511/ELH-web/main/foto_hrac/Maxin.png?v=2;Imrich;Maxin;J;F;MBL;19;L;CZE;;;0;0;0;0;0;0:00;0;0;0;0;0;0;0;0;0;15;23;0;Mlada Boleslav
https://raw.githubusercontent.com/Adamos1511/ELH-web/main/foto_hrac/Morand.png?v=2;Antoine;Morand;26/27;C/W;MBL;27;L;CAN;;;5;1;4;5;1;19:44;-1;7;0;2;34,88;10,0;1;0;0,4;1;3;14,71;Mladá Boleslav
https://raw.githubusercontent.com/Adamos1511/ELH-web/main/foto_hrac/Rekonen.png?v=2;Aleksi;Rekonen;27/28;LW/C;MBL;33;L;FIN;;;4;0;1;1;0;12:57;0;2;1;2;50,0;0,0;0,25;0,25;0,5;12;14;2,94;Mlada Boleslav
https://raw.githubusercontent.com/Adamos1511/ELH-web/main/foto_hrac/Skalicky.png?v=2;Pavol;Skalický;28/29;C/RW;MBL;30;P;SVK;;;5;1;1;2;1;19:14;-2;2;0;3;18,18;6,67;0,4;0;0,6;5;5;5,88;Veru Masatova photo
https://raw.githubusercontent.com/Adamos1511/ELH-web/main/foto_hrac/Zavora.png?v=2;Jan;Závora;26/27;C;MBL;24;P;CZE;;;0;0;0;0;0;0:00;0;0;0;0;0;0;0;0;0;15;23;0;Mlada Boleslav
https://raw.githubusercontent.com/Adamos1511/ELH-web/main/foto_hrac/Cerny S..png;Štěpán;Černý;26/27+1;O;MHK;19;L;CZE;;;0;0;0;0;0;0:00;0;0;0;0;0;0;0;0;0;17;24;0;Mountfield hk
https://raw.githubusercontent.com/Adamos1511/ELH-web/main/foto_hrac/Kalina.png?v=2;Petr;Kalina;27/28;O;MHK;29;L;CZE;;;5;0;1;1;0;17:55;1;0;1;7;0,0;0,0;0,2;0,2;1,4;10;5;3,03;Veru Masatova photo
https://raw.githubusercontent.com/Adamos1511/ELH-web/main/foto_hrac/Koch A..png;Anders;Koch;26/27+1;O;MHK;28;L;DEN;;;5;1;2;3;0;19:22;2;0;1;6;0,0;33,33;0,6;0,2;1,2;3;2;9,09;Mountfield hk
https://raw.githubusercontent.com/Adamos1511/ELH-web/main/foto_hrac/McCormack.png;Graeme;McCormack;26/27;O;MHK;35;P;CAN;;;5;0;2;2;1;19:37;1;0;0;6;0,0;0,0;0,4;0;1,2;7;1;6,06;Veru Masatova photo
https://raw.githubusercontent.com/Adamos1511/ELH-web/main/foto_hrac/Melancon.png?v=2;T.J.;Melancon;26/27;O;MHK;30;P;CAN;;;5;0;4;4;0;18:31;2;4;0;5;0,0;0,0;0,8;0;1;1;4;12,12;Livesport
https://raw.githubusercontent.com/Adamos1511/ELH-web/main/foto_hrac/Modry.png;Jacob;Modry;TRY-OUT;O;MHK;27;L;USA;;;1;0;0;0;0;04:27;-1;0;0;2;0,0;0,0;0;0;2;17;23;0;Mountfield hk
https://raw.githubusercontent.com/Adamos1511/ELH-web/main/foto_hrac/Mudrak.png?v=2;Dávid;Mudrák;27/28;O;MHK;25;P;SVK;;;5;0;1;1;0;15:17;2;6;5;4;0,0;0,0;0,2;1;0,8;10;13;3,03;Hokej.cz
https://raw.githubusercontent.com/Adamos1511/ELH-web/main/foto_hrac/Planek.png?v=2;Martin;Pláněk;26/27+1;O;MHK;35;P;CZE;;;2;0;0;0;0;07:23;-1;0;1;4;0,0;0,0;0;0,5;2;17;20;0;Veru Masatova photo
https://raw.githubusercontent.com/Adamos1511/ELH-web/main/foto_hrac/Sykora.png?v=2;David;Sýkora;27/28;O;MHK;25;L;CZE;;;3;0;0;0;0;06:26;-1;0;0;1;0,0;0,0;0;0;0,33;17;22;0;Mountfield hk
https://raw.githubusercontent.com/Adamos1511/ELH-web/main/foto_hrac/Vukojevic.png?v=2;Michael;Vukojevič;27/28;O;MHK;25;L;CAN;;;5;0;1;1;0;18:37;0;6;1;5;0,0;0,0;0,2;0,2;1;10;3;3,03;Veru Masatova photo
https://raw.githubusercontent.com/Adamos1511/ELH-web/main/foto_hrac/Cacho.png?v=2;Viliam;Čacho;27/28;C;MHK;27;L;SVK;;;5;2;2;4;0;13:48;4;0;0;2;45,45;18,18;0,8;0;0,4;1;15;12,12;Hokej.cz
https://raw.githubusercontent.com/Adamos1511/ELH-web/main/foto_hrac/Jergl.png?v=2;Aleš;Jergl;28/29;RW;MHK;32;P;CZE;;;5;2;1;3;1;15:37;-1;2;1;1;0,0;12,5;0,6;0,2;0,2;3;11;9,09;Veru Masatova photo
https://raw.githubusercontent.com/Adamos1511/ELH-web/main/foto_hrac/Klima Kev..jpg;Kevin;Klíma;27/28;LW/C;MHK;29;L;CZE;;;5;1;1;2;1;17:13;0;0;3;2;36,76;33,33;0,4;0,6;0,4;7;6;6,06;Veru Masatova photo
https://raw.githubusercontent.com/Adamos1511/ELH-web/main/foto_hrac/Kohout.png?v=2;Martin;Kohout;27/28;LW;MHK;31;L;CZE;;;4;0;1;1;0;14:14;3;0;2;2;50,0;0,0;0,25;0,5;0,5;10;14;3,03;Hokej.cz
https://raw.githubusercontent.com/Adamos1511/ELH-web/main/foto_hrac/Kousal R..png;Robert;Kousal;26/27+1;C/LW;MHK;35;L;CZE;;;5;1;0;1;0;15:23;-1;4;1;3;37,5;9,09;0,2;0,2;0,6;10;12;3,03;Mountfield hk
https://raw.githubusercontent.com/Adamos1511/ELH-web/main/foto_hrac/Miskar.png?v=2;Patrik;Miškář;27/28;C;MHK;30;L;CZE;;;3;0;2;2;0;16:39;0;0;0;2;52,63;0,0;0,67;0;0,67;7;8;6,06;Livesport.cz
https://raw.githubusercontent.com/Adamos1511/ELH-web/main/foto_hrac/Nenonen.png?v=2;Markus;Nenonen;26/27;LW/RW;MHK;33;L;FIN;;;5;2;1;3;0;13:33;5;0;0;0;0,0;12,5;0,6;0;0;3;17;9,09;Mountfield hk
https://raw.githubusercontent.com/Adamos1511/ELH-web/main/foto_hrac/Pavlik D..png;Dominik;Pavlík;27/28;C;MHK;19;L;CZE;;;2;0;0;0;0;06:33;1;0;1;0;0,0;0,0;0;0,5;0;17;21;0;Mountfield hk
https://raw.githubusercontent.com/Adamos1511/ELH-web/main/foto_hrac/Pavlik R..png;Radovan;Pavlík;28/29;LW/RW;MHK;28;L;CZE;;;5;2;1;3;0;12:54;2;2;0;0;0,0;15,38;0,6;0;0;3;18;9,09;Hokej.cz
https://raw.githubusercontent.com/Adamos1511/ELH-web/main/foto_hrac/Perret.png?v=2;Jordann;Perret;27/28;RW;MHK;31;L;FRA;;;5;0;0;0;0;16:47;-2;0;2;2;60,0;0,0;0;0,4;0,4;17;7;0;Mountfield hk
https://raw.githubusercontent.com/Adamos1511/ELH-web/main/foto_hrac/Pilar.png?v=2;Radek;Pilař;26/27+1;F/D;MHK;30;L;CZE;;;5;0;0;0;0;08:39;0;2;0;2;25,0;0,0;0;0;0,4;17;19;0;Hokej.cz
https://raw.githubusercontent.com/Adamos1511/ELH-web/main/foto_hrac/Radil.png?v=2;Lukáš;Radil;26/27;LW/RW;MHK;36;L;CZE;;;4;0;1;1;0;16:10;-2;2;0;2;100,0;0,0;0,25;0;0,5;10;9;3,03;Sport.cz
https://raw.githubusercontent.com/Adamos1511/ELH-web/main/foto_hrac/Tamasi.png?v=2;Alex;Tamáši;26/27;C;MHK;28;L;SVK;;;5;0;0;0;0;15:54;0;0;2;5;47,37;0,0;0;0,4;1;17;10;0;Rimava.sk
https://raw.githubusercontent.com/Adamos1511/ELH-web/main/foto_hrac/Tariska.png?v=2;Ondrej;Tariška;27/28+1;F;MHK;18;P;SVK;;;0;0;0;0;0;0:00;0;0;0;0;0;0;0;0;0;17;24;0;Mountfield hk
https://raw.githubusercontent.com/Adamos1511/ELH-web/main/foto_hrac/Vyvial.png?v=2;Jan;Vyvial;26/27+1;F;MHK;20;L;CZE;;;0;0;0;0;0;0:00;0;0;0;0;0;0;0;0;0;17;24;0;Mountfield hk
https://raw.githubusercontent.com/Adamos1511/ELH-web/main/foto_hrac/Zdrahal.png?v=2;Patrik;Zdráhal;27/28;LW/RW;MHK;31;L;CZE;;;4;1;0;1;0;13:36;1;2;0;0;100,0;14,29;0,25;0;0;10;16;3,03;Salonkyhk.cz
https://raw.githubusercontent.com/Adamos1511/ELH-web/main/foto_hrac/Cosgrove.png?v=2;Trevor;Cosgrove;26/27;O;OLO;29;L;USA;;;5;0;0;0;0;12:33;1;4;1;3;0,0;0,0;0;0,2;0,6;15;16;0;Olomouc
https://raw.githubusercontent.com/Adamos1511/ELH-web/main/foto_hrac/Cerny.png?v=2;Tomáš;Černý;27/28;O;OLO;29;P;CZE;;;4;1;0;1;0;18:36;-2;0;0;7;0,0;11,11;0,25;0;1,75;10;3;3,12;Olomouc
https://raw.githubusercontent.com/Adamos1511/ELH_web/main/foto_hrac/Freibergs.png;Ralfs;Freibergs;26/27+1;O;OLO;35;L;LAT;;;5;0;4;4;1;20:21;-1;2;2;8;0,0;0,0;0,8;0,4;1,6;3;2;12,5;Oneplaysport
https://raw.githubusercontent.com/Adamos1511/ELH_web/main/foto_hrac/Gewiese.png;Petr;Gewiese;27/28;O;OLO;33;L;CZE;;;5;1;1;2;0;21:45;1;4;2;10;0,0;10,0;0,4;0,4;2;5;1;6,25;Mladá Boleslav
https://raw.githubusercontent.com/Adamos1511/ELH-web/main/foto_hrac/Hradek.png?v=2;Michal;Hrádek;26/27;O;OLO;24;P;CZE;;;0;0;0;0;0;0:00;0;0;0;0;0;0;0;0;0;15;23;0;Oneplaysport
https://raw.githubusercontent.com/Adamos1511/ELH-web/main/foto_hrac/Ondrusek.png?v=2;Jiří;Ondrušek;26/27;O;OLO;40;L;CZE;;;5;0;1;1;0;11:49;0;2;0;4;0,0;0,0;0,2;0;0,8;10;18;3,12;Olomouc
https://raw.githubusercontent.com/Adamos1511/ELH-web/main/foto_hrac/Petrovicky.png?v=2;Rayen;Petrovický;26/27;O;OLO;24;L;SVK;;;1;0;1;1;0;08:14;1;0;0;0;0,0;0,0;1;0;0;10;21;3,12;sport.cz
https://raw.githubusercontent.com/Adamos1511/ELH-web/main/foto_hrac/Reznicek.png?v=2;Dalibor;Řezníček;26/27;O;OLO;35;L;CZE;;;0;0;0;0;0;0:00;0;0;0;0;0;0;0;0;0;15;23;0;Olomouc
https://raw.githubusercontent.com/Adamos1511/ELH-web/main/foto_hrac/Rutar.png?v=2;Adam;Rutar;27/28;O;OLO;25;P;CZE;;;5;0;0;0;0;13:56;2;2;4;3;0,0;0,0;0;0,8;0,6;15;12;0;Olomouc
https://raw.githubusercontent.com/Adamos1511/ELH-web/main/foto_hrac/Stella.png?v=2;Evan;Stella;26/27;O;OLO;25;L;SWE;;;5;0;0;0;0;18:03;-1;2;0;3;0,0;0,0;0;0;0,6;15;4;0;Olomouc
https://raw.githubusercontent.com/Adamos1511/ELH-web/main/foto_hrac/Andel.png?v=2;Lukáš;Anděl;26/27;C;OLO;28;L;CZE;;;1;0;0;0;0;04:08;0;2;0;0;0,0;0,0;0;0;0;15;22;0;Olomouc
https://raw.githubusercontent.com/Adamos1511/ELH_web/main/foto_hrac/Berglund.png;Carl;Berglund;26/27;C/LW;OLO;26;L;SWE;;;5;0;3;3;0;17:31;3;0;0;3;58,24;0,0;0,6;0;0,6;4;5;9,38;ESPN
https://raw.githubusercontent.com/Adamos1511/ELH_web/main/foto_hrac/Hercik.png;Daniel;Herčík;27/28+1;RW/LW;OLO;23;P;CZE;;;5;2;0;2;0;14:33;-2;8;1;2;16,67;28,57;0,4;0,2;0,4;5;10;6,25;Dynamo Pardubice
https://raw.githubusercontent.com/Adamos1511/ELH_web/main/foto_hrac/Kos.png;Jakub;Kos;26/27;LW/C;OLO;23;L;CZE;;;5;1;1;2;0;14:22;0;2;2;2;33,33;8,33;0,4;0,4;0,4;5;11;6,25;Hokej.cz
https://raw.githubusercontent.com/Adamos1511/ELH-web/main/foto_hrac/Macuh.png?v=2;Rok;Macuh;26/27;C/LW;OLO;29;L;SLO;;;5;0;0;0;0;15:44;-1;2;1;4;60,49;0,0;0;0,2;0,8;15;7;0;Olomouc
https://raw.githubusercontent.com/Adamos1511/ELH-web/main/foto_hrac/Matys.png?v=2;Ondřej;Matýs;26/27;LW;OLO;27;L;CZE;;;5;0;0;0;0;13:12;2;4;1;0;0,0;0,0;0;0,2;0;15;15;0;Olomouc
https://raw.githubusercontent.com/Adamos1511/ELH-web/main/foto_hrac/Ministr.png?v=2;Daniel;Ministr;26/27;LW/RW;OLO;23;L;CZE;;;0;0;0;0;0;0:00;0;0;0;0;0;0;0;0;0;15;23;0;Olomouc
https://raw.githubusercontent.com/Adamos1511/ELH-web/main/foto_hrac/Navratil.png?v=2;Jakub;Navrátil;27/28;LW;OLO;27;L;CZE;;;5;2;3;5;1;16:26;3;0;0;1;0,0;15,38;1;0;0,2;1;6;15,62;Olomouc
https://raw.githubusercontent.com/Adamos1511/ELH-web/main/foto_hrac/Orsava.png?v=2;Jakub;Orsava;26/27;LW/RW;OLO;35;P;CZE;;;5;1;0;1;0;13:52;-3;2;2;3;0,0;33,33;0,2;0,4;0,6;10;13;3,12;Olomouc
https://raw.githubusercontent.com/Adamos1511/ELH-web/main/foto_hrac/Plasek.png?v=2;Karel;Plášek;27/28;LW;OLO;26;L;CZE;;;5;3;2;5;1;15:37;3;4;0;6;0,0;50,0;1;0;1,2;1;8;15,62;olomoucky.rej.cz
https://raw.githubusercontent.com/Adamos1511/ELH_web/main/foto_hrac/Senyshyn.png;Zach;Senyshyn;26/27;RW;OLO;29;P;CAN;;;2;0;0;0;0;09:01;-1;0;0;0;50,0;0,0;0;0;0;15;20;0;Olomouc
https://raw.githubusercontent.com/Adamos1511/ELH_web/main/foto_hrac/Spodniak.png;Matúš;Spodniak;26/27;C/LW;OLO;28;L;SVK;;;5;0;0;0;0;14:53;0;2;4;0;63,64;0,0;0;0,8;0;15;9;0;Elite Prospect
https://raw.githubusercontent.com/Adamos1511/ELH-web/main/foto_hrac/Stohanzl.png?v=2;Martin;Štohanzl;27/28;C;OLO;27;L;CZE;;;5;1;0;1;0;13:42;0;0;0;2;57,89;6,67;0,2;0;0,4;10;14;3,12;Olomouc
https://raw.githubusercontent.com/Adamos1511/ELH-web/main/foto_hrac/Tomecek.png?v=2;Michal;Tomeček;27/28;C/LW;OLO;22;L;CZE;;;0;0;0;0;0;0:00;0;0;0;0;0;0;0;0;0;15;23;0;Olomouc
https://raw.githubusercontent.com/Adamos1511/ELH-web/main/foto_hrac/Vitouch D..png;David;Vitouch;27/28+1;C/LW;OLO;24;L;CZE;;;5;0;2;2;0;12:17;-1;2;0;4;54,84;0,0;0,4;0;0,8;5;17;6,25;Idnes.cz
https://raw.githubusercontent.com/Adamos1511/ELH-web/main/foto_hrac/Vitouch M..png;Michal;Vitouch;27/28;F;OLO;23;L;CZE;;;5;1;1;2;0;09:13;0;0;2;2;0,0;16,67;0,4;0,4;0,4;5;19;6,25;Olomouc
https://raw.githubusercontent.com/Adamos1511/ELH-web/main/foto_hrac/Ceresnak.png;Peter;Čerešňák;27/28;O;PCE;33;P;SVK;;;6;0;0;0;0;21:55;1;6;2;14;0,0;0,0;0;0,33;2,33;16;1;0;Veru Masatova photo
https://raw.githubusercontent.com/Adamos1511/ELH-web/main/foto_hrac/Dvorak.png;Tomáš;Dvořák;28/29;O;PCE;31;L;CZE;;;6;1;0;1;0;19:39;2;2;5;8;0,0;10,0;0,17;0,83;1,33;12;3;1,69;Veru Masatova photo
https://raw.githubusercontent.com/Adamos1511/ELH-web/main/foto_hrac/Gazda.png;Daniel;Gazda;27/28;O;PCE;29;P;CZE;;;6;1;0;1;0;18:36;-1;0;3;5;0,0;16,67;0,17;0,5;0,83;12;4;1,69;Pardubice
https://raw.githubusercontent.com/Adamos1511/ELH-web/main/foto_hrac/Kostalek.png;Jan;Košťálek;26/27;O;PCE;31;P;CZE;;;6;1;4;5;4;20:11;-3;2;0;4;0,0;4,76;0,83;0;0,67;4;2;8,47;Elite Prospect
https://raw.githubusercontent.com/Adamos1511/ELH-web/main/foto_hrac/Ludvig.png;John;Ludvig;27/28;O;PCE;26;L;CAN;;;0;0;0;0;0;0:00;0;0;0;0;0;0;0;0;0;16;21;0;Pardubice
https://raw.githubusercontent.com/Adamos1511/ELH-web/main/foto_hrac/Miklis.png;Ondřej;Mikliš;26/27;O;PCE;30;L;CZE;;;6;1;0;1;0;16:18;-1;0;4;10;0,0;12,5;0,17;0,67;1,67;12;10;1,69;Pardubice
https://raw.githubusercontent.com/Adamos1511/ELH-web/main/foto_hrac/Tourigny.png;Miguel;Tourigny;26/27+1;O;PCE;24;P;CAN;;;6;0;4;4;2;18:20;-2;6;0;2;0,0;0,0;0,67;0;0,33;7;5;6,78;isport.cz
https://raw.githubusercontent.com/Adamos1511/ELH_web/main/foto_hrac/Vapenik.png;Teodor;Vápeník;26/27;O;PCE;19;L;CZE;;;0;0;0;0;0;0:00;0;0;0;0;0;0;0;0;0;16;21;0;Pardubice
https://raw.githubusercontent.com/Adamos1511/ELH-web/main/foto_hrac/Cervenka.png;Roman;Červenka;27/28;LW/RW;PCE;40;L;CZE;;;6;2;8;10;4;17:56;4;2;0;0;0,0;11,11;1,67;0;0;1;6;16,95;Veru Masatova photo
https://raw.githubusercontent.com/Adamos1511/ELH-web/main/foto_hrac/Fejes.png;Hunter;Fejes;26/27+1;LW/RW;PCE;32;L;CAN;;;1;0;0;0;0;08:33;-1;2;0;0;0,0;0,0;0;0;0;16;19;0;Pardubice
https://raw.githubusercontent.com/Adamos1511/ELH-web/main/foto_hrac/Kaut.png;Martin;Kaut;33/34;RW;PCE;26;P;CZE;;;0;0;0;0;0;0:00;0;0;0;0;0;0;0;0;0;16;21;0;Veru Masatova photo
https://raw.githubusercontent.com/Adamos1511/ELH-web/main/foto_hrac/Kelemen.png;Miloš;Kelemen;29/30;RW/LW;PCE;27;L;SVK;;;5;0;1;1;0;14:12;-1;0;2;3;0,0;0,0;0,2;0,4;0,6;12;15;1,69;Veru Masatova photo
https://raw.githubusercontent.com/Adamos1511/ELH-web/main/foto_hrac/Kondelik.png;Jáchym;Kondelík;29/30;C;PCE;26;L;CZE;;;6;3;2;5;2;14:38;1;12;0;3;43,9;42,86;0,83;0;0,5;4;14;8,47;Veru Masatova photo
https://raw.githubusercontent.com/Adamos1511/ELH-web/main/foto_hrac/Lauko.png;Jakub;Lauko;27/28;C/LW;PCE;26;L;CZE;;;0;0;0;0;0;0:00;0;0;0;0;0;0;0;0;0;16;21;0;Veru Masatova photo
https://raw.githubusercontent.com/Adamos1511/ELH-web/main/foto_hrac/Mandat.png;Jan;Mandát;27/28;C/LW;PCE;30;L;CZE;;;6;2;2;4;0;14:54;4;2;1;5;0,0;25,0;0,67;0,17;0,83;7;13;6,78;Veru Masatova photo
https://raw.githubusercontent.com/Adamos1511/ELH-web/main/foto_hrac/Nosek.png;Tomáš;Nosek;30/31;C/LW;PCE;34;L;CZE;;;6;1;2;3;2;15:30;-5;2;0;2;58,02;7,14;0,5;0;0,33;10;12;5,08;Pardubice
https://raw.githubusercontent.com/Adamos1511/ELH-web/main/foto_hrac/Poulicek.png;Patrik;Poulíček;26/27;C;PCE;33;L;CZE;;;2;0;0;0;0;11:51;0;0;1;1;0,0;0,0;0;0,5;0,5;16;17;0;hokej.cz
https://raw.githubusercontent.com/Adamos1511/ELH-web/main/foto_hrac/Sedlak.png;Lukáš;Sedlák;29/30;C/LW;PCE;33;L;CZE;;;6;2;2;4;1;17:44;3;2;1;5;56,36;15,38;0,67;0,17;0,83;7;7;6,78;Veru Masatova photo
https://raw.githubusercontent.com/Adamos1511/ELH-web/main/foto_hrac/Smejkal.png;Jiří;Smejkal;28/29;LW/C;PCE;29;L;CZE;;;6;4;1;5;3;16:01;-2;2;3;4;60,0;33,33;0,83;0,5;0,67;4;11;8,47;Veru Masatova photo
https://raw.githubusercontent.com/Adamos1511/ELH-web/main/foto_hrac/Sobotka.png;Vladimír;Sobotka;26/27;C/LW;PCE;39;L;CZE;;;6;1;1;2;0;12:45;-1;2;0;1;56,6;50,0;0,33;0;0,17;11;16;3,39;Pardubice
https://raw.githubusercontent.com/Adamos1511/ELH-web/main/foto_hrac/Stransky.png;Matěj;Stránský;29/30;RW/LW;PCE;33;P;CZE;;;6;4;2;6;3;16:48;0;0;0;2;0,0;26,67;1;0;0,33;3;9;10,17;Pardubice
https://raw.githubusercontent.com/Adamos1511/ELH-web/main/foto_hrac/Tomasek.png;David;Tomášek;30/31;C/RW;PCE;30;P;CZE;;;6;1;6;7;3;17:31;-1;2;0;0;60,87;9,09;1,17;0;0;2;8;11,86;Pardubice
https://raw.githubusercontent.com/Adamos1511/ELH-web/main/foto_hrac/Valek.png?v=2;Matúš;Válek;27/28+1;LW/C;PCE;17;L;SVK;;;5;0;0;0;0;07:36;-2;0;0;0;0,0;0,0;0;0;0;16;20;0;Pardubice
https://raw.githubusercontent.com/Adamos1511/ELH-web/main/foto_hrac/Vondracek.png;Tomáš;Vondráček;28/29;LW/RW;PCE;35;L;CZE;;;6;0;0;0;0;10:43;-1;2;0;2;100,0;0,0;0;0;0,33;16;18;0;Veru Masatova photo
https://raw.githubusercontent.com/Adamos1511/ELH_web/main/foto_hrac/Cech.png;Aleš;Čech;27/28+1;O;PLZ;22;L;CZE;;;5;0;1;1;0;10:56;0;4;0;5;0,0;0,0;0,2;0;1;9;19;3,33;idnes.cz
https://raw.githubusercontent.com/Adamos1511/ELH_web/main/foto_hrac/Chromiak.png;Jakub;Chromiak;27/28+1;O;PLZ;20;P;SVK;;;0;0;0;0;0;0:00;0;0;0;0;0;0;0;0;0;17;22;0;noviny.sk
https://raw.githubusercontent.com/Adamos1511/ELH_web/main/foto_hrac/Jerabek.png;Jakub;Jeřábek;26/27;O;PLZ;35;L;CZE;;;5;0;1;1;0;19:16;3;6;1;11;0,0;0,0;0,2;0,2;2,2;9;4;3,33;idnes.cz
https://raw.githubusercontent.com/Adamos1511/ELH_web/main/foto_hrac/Macpherson.png;Dylan;Macpherson;26/27+1;O;PLZ;28;P;CAN;;;5;2;2;4;0;17:40;2;0;0;8;0,0;22,22;0,8;0;1,6;1;6;13,33;elite prospect
https://raw.githubusercontent.com/Adamos1511/ELH_web/main/foto_hrac/Malak.png;Daniel;Malák;26/27;O;PLZ;24;L;CZE;;;5;0;0;0;0;14:30;-1;6;2;9;0,0;0,0;0;0,4;1,8;17;12;0;hokej.cz
https://raw.githubusercontent.com/Adamos1511/ELH_web/main/foto_hrac/Merezhko.png;Igor;Merezhko;26/27;O;PLZ;28;P;UKR;;;5;0;0;0;0;19:34;-2;0;1;11;0,0;0,0;0;0,2;2,2;17;2;0;Plzen
https://raw.githubusercontent.com/Adamos1511/ELH_web/main/foto_hrac/Robertson.png;Carter;Robertson;26/27+1;O;PLZ;26;L;CAN;;;5;0;3;3;2;17:21;-1;0;1;7;0,0;0,0;0,6;0,2;1,4;3;7;10;denik.cz
https://raw.githubusercontent.com/Adamos1511/ELH_web/main/foto_hrac/Rubins.png;Kristians;Rubins;26/27;O;PLZ;28;L;LAT;;;5;0;1;1;0;18:05;0;2;5;5;0,0;0,0;0,2;1;1;9;5;3,33;hokej.cz
https://raw.githubusercontent.com/Adamos1511/ELH_web/main/foto_hrac/Filip.png;Matyáš;Filip;26/27;C;PLZ;25;L;CZE;;;5;0;1;1;1;19:23;2;0;0;1;43,04;0,0;0,2;0;0,2;9;3;3,33;denik.cz
https://raw.githubusercontent.com/Adamos1511/ELH_web/main/foto_hrac/Fodor.png;Jan;Fodor;27/28+1;RW;PLZ;17;L;CZE;;;0;0;0;0;0;0:00;0;0;0;0;0;0;0;0;0;17;22;0;český hokej
https://raw.githubusercontent.com/Adamos1511/ELH_web/main/foto_hrac/Katic.png;Danny;Katic;26/27+1;LW/RW;PLZ;26;L;CAN;;;4;1;0;1;0;13:29;0;6;0;2;50,0;20,0;0,25;0;0,5;9;16;3,33;idnes.cz
https://raw.githubusercontent.com/Adamos1511/ELH_web/main/foto_hrac/Lalancette.png;Christophe;Lalancette;27/28;C;PLZ;32;P;CAN;;;5;0;4;4;1;19:56;1;2;1;2;41,84;0,0;0,8;0,2;0,4;1;1;13,33;elite prospect
https://raw.githubusercontent.com/Adamos1511/ELH_web/main/foto_hrac/Lev J..png;Jakub;Lev;26/27;C/LW;PLZ;35;P;CZE;;;1;0;0;0;0;11:07;0;0;1;0;66,67;0,0;0;1;0;17;18;0;wikipedia
https://raw.githubusercontent.com/Adamos1511/ELH_web/main/foto_hrac/Mechura.png;Adam;Měchura;26/27;C/LW;PLZ;23;L;CZE;;;5;1;1;2;0;14:35;1;4;0;2;33,33;10,0;0,4;0;0,4;5;11;6,67;hokej.cz
https://raw.githubusercontent.com/Adamos1511/ELH_web/main/foto_hrac/M.Petman.png;Mikko Artturi;Petman;26/27;RW;PLZ;25;P;FIN;;;5;0;2;2;0;14:01;-2;2;3;0;0,0;0,0;0,4;0,6;0;5;14;6,67;fb - tipsport extraliga
https://raw.githubusercontent.com/Adamos1511/ELH_web/main/foto_hrac/V.Petman.png;Ville Emil;Petman;26/27;C/LW;PLZ;26;L;FIN;;;5;1;1;2;1;13:52;-3;0;1;2;51,67;11,11;0,4;0,2;0,4;5;15;6,67;idnes.cz
https://raw.githubusercontent.com/Adamos1511/ELH_web/main/foto_hrac/Rohlik.png;Ondřej;Rohlík;27/28+1;LW;PLZ;25;L;CZE;;;5;2;0;2;0;17:06;4;0;1;1;0,0;20,0;0,4;0,2;0,2;5;8;6,67;Oneplay
https://raw.githubusercontent.com/Adamos1511/ELH_web/main/foto_hrac/Sedlacek.png;Ivo;Sedláček;26/27;RW;PLZ;23;L;CZE;;;2;0;0;0;0;07:57;1;0;1;3;0,0;0,0;0;0,5;1,5;17;21;0;Oneplay
https://raw.githubusercontent.com/Adamos1511/ELH_web/main/foto_hrac/Schleiss.png;Jan;Schleiss;27/28;RW/LW;PLZ;32;P;CZE;;;5;0;1;1;0;12:22;-2;0;3;1;0,0;0,0;0,2;0,6;0,2;9;17;3,33;elite prospect
https://raw.githubusercontent.com/Adamos1511/ELH_web/main/foto_hrac/Simon.png;Dominik;Simon;27/28;C;PLZ;32;L;CZE;;;5;0;1;1;0;14:20;-1;0;1;4;45,45;0,0;0,2;0,2;0,8;9;13;3,33;idnes.cz
https://raw.githubusercontent.com/Adamos1511/ELH_web/main/foto_hrac/Strnad.png;Lukáš;Strnad;26/27;RW;PLZ;22;P;CZE;;;5;1;0;1;0;15:50;0;2;2;2;0,0;16,67;0,2;0,4;0,4;9;9;3,33;denik.cz
https://raw.githubusercontent.com/Adamos1511/ELH_web/main/foto_hrac/Teply.png;Michal;Teplý;26/27+1;LW/RW;PLZ;25;P;CZE;;;5;3;0;3;1;14:41;-2;2;1;6;100,0;30,0;0,6;0,2;1,2;3;10;10;sport.cz
https://raw.githubusercontent.com/Adamos1511/ELH_web/main/foto_hrac/Titlbach.png;Adam;Titlbach;27/28;C/LW;PLZ;20;L;CZE;;;0;0;0;0;0;0:00;0;0;0;0;0;0;0;0;0;17;22;0;hokej.cz
https://raw.githubusercontent.com/Adamos1511/ELH_web/main/foto_hrac/Zemlicka.png;Richard;Žemlička;27/28+1;F;PLZ;20;L;CZE;;;4;0;0;0;0;09:25;-1;6;2;5;48,28;0,0;0;0,5;1,25;17;20;0;
https://raw.githubusercontent.com/Adamos1511/ELH_web/main/foto_hrac/Knot.png;Ronald;Knot;27/28;O;SPA;32;P;CZE;;;4;1;2;3;1;17:50;0;2;1;8;0,0;25,0;0,75;0,25;2;6;8;7,69;Veru Masatova photo
https://raw.githubusercontent.com/Adamos1511/ELH_web/main/foto_hrac/Krejcik.png;Jakub;Krejčík;26/27+1;O;SPA;35;L;CZE;;;4;1;3;4;0;20:51;3;4;0;5;0,0;10,0;1;0;1,25;4;2;10,26;Elite Prospect
https://raw.githubusercontent.com/Adamos1511/ELH_web/main/foto_hrac/Masin.png;Dominik;Mašín;26/27;O;SPA;30;L;CZE;;;4;0;0;0;0;16:48;1;2;1;7;0,0;0,0;0;0,25;1,75;17;11;0;Sparta
https://raw.githubusercontent.com/Adamos1511/ELH_web/main/foto_hrac/Michalek.png;Matyáš;Michálek;J;O;SPA;16;L;CZE;;;0;0;0;0;0;0:00;0;0;0;0;0;0;0;0;0;17;23;0;Sparta
https://raw.githubusercontent.com/Adamos1511/ELH_web/main/foto_hrac/Pavlak.png;Dominik;Pavlák;26/27;O;SPA;22;L;SVK;;;0;0;0;0;0;0:00;0;0;0;0;0;0;0;0;0;17;23;0;Sparta
https://raw.githubusercontent.com/Adamos1511/ELH_web/main/foto_hrac/Pysyk.png;Mark;Pysyk;27/28;O;SPA;34;P;CAN;;;4;0;1;1;0;18:50;1;0;0;4;0,0;0,0;0,25;0;1;10;6;2,56;Veru Masatova photo
https://raw.githubusercontent.com/Adamos1511/ELH_web/main/foto_hrac/Seppala M..jpg;Mikael;Sepälä;26/27;O;SPA;32;L;FIN;;;4;0;1;1;0;16:59;1;6;0;4;0,0;0,0;0,25;0;1;10;10;2,56;Veru Masatova photo
https://raw.githubusercontent.com/Adamos1511/ELH_web/main/foto_hrac/Seppala.png;Niko;Sepälä;26/27;O;SPA;28;L;FIN;;;2;0;1;1;0;10:58;1;2;0;0;0,0;0,0;0,5;0;0;10;16;2,56;Sparta
https://raw.githubusercontent.com/Adamos1511/ELH_web/main/foto_hrac/Sirota.png;Jakub;Sirota;27/28;O;SPA;27;L;CZE;;;3;0;2;2;1;14:20;-2;0;0;3;0,0;0,0;0,67;0;1;7;14;5,13;Oneplay sport
https://raw.githubusercontent.com/Adamos1511/ELH_web/main/foto_hrac/Tomov.png;Nino;Tomov;26/27;O;SPA;22;L;BUL;;;3;0;0;0;0;10:03;-1;2;0;2;0,0;0,0;0;0;0,67;17;17;0;Sparta
https://raw.githubusercontent.com/Adamos1511/ELH_web/main/foto_hrac/Blumel.png;Matěj;Blümel;29/30;RW/LW;SPA;26;L;CZE;;;4;1;1;2;1;19:25;0;2;1;1;0,0;7,14;0,5;0,25;0,25;7;4;5,13;iDnes.cz
https://raw.githubusercontent.com/Adamos1511/ELH_web/main/foto_hrac/Danicek.png;Marek;Daníček;26/27+1;RW;SPA;20;L;CZE;;;1;0;0;0;0;06:34;0;0;0;0;100,0;0,0;0;0;0;17;22;0;Sparta Praha
https://raw.githubusercontent.com/Adamos1511/ELH_web/main/foto_hrac/Dzierkals.png;Martins;Dzierkals;26/27;LW/RW;SPA;29;L;LAT;;;3;0;0;0;0;08:40;-1;2;0;3;0,0;0,0;0;0;1;17;19;0;Veru Masatova photo
https://raw.githubusercontent.com/Adamos1511/ELH_web/main/foto_hrac/Holcak.png;Tomáš;Holčák;27/28;C;SPA;21;P;CZE;;;0;0;0;0;0;0:00;0;0;0;0;0;0;0;0;0;17;23;0;Sparta Praha
https://raw.githubusercontent.com/Adamos1511/ELH_web/main/foto_hrac/Horak.png;Roman;Horák;26/27;C;SPA;35;L;CZE;;;0;0;0;0;0;0:00;0;0;0;0;0;0;0;0;0;17;23;0;Veru Masatova photo
https://raw.githubusercontent.com/Adamos1511/ELH_web/main/foto_hrac/Hrabik K..png;Kryštof;Hrabík;27/28;F;SPA;26;L;CZE;;;3;0;0;0;0;06:43;-3;2;1;1;0,0;0,0;0;0,33;0,33;17;21;0;Veru Masatova photo
https://raw.githubusercontent.com/Adamos1511/ELH_web/main/foto_hrac/Hrabik O..png;Ondřej;Hrabík;26/27;F;SPA;22;L;CZE;;;0;0;0;0;0;0:00;0;0;0;0;0;0;0;0;0;17;23;0;Sparta
https://raw.githubusercontent.com/Adamos1511/ELH_web/main/foto_hrac/Hyka.png;Tomáš;Hyka;26/27;RW;SPA;33;P;CZE;;;4;0;1;1;0;12:07;-1;0;2;4;0,0;0,0;0,25;0,5;1;10;15;2,56;Veru Masatova photo
https://raw.githubusercontent.com/Adamos1511/ELH_web/main/foto_hrac/Chlapik.png;Filip;Chlapík;28/29;LW/C;SPA;29;L;CZE;;;4;1;4;5;2;21:24;1;0;0;1;85,71;4,76;1,25;0;0,25;1;1;12,82;Veru Masatova photo
https://raw.githubusercontent.com/Adamos1511/ELH_web/main/foto_hrac/Kousal.png;Pavel;Kousal;27/28;LW/RW;SPA;27;L;CZE;;;4;1;0;1;1;18:30;2;0;3;1;0,0;10,0;0,25;0,75;0,25;10;7;2,56;Veru Masatova photo
https://raw.githubusercontent.com/Adamos1511/ELH_web/main/foto_hrac/Kutak.png;Filip;Kuťák;26/27;C;SPA;30;L;CZE;;;0;0;0;0;0;0:00;0;0;0;0;0;0;0;0;0;17;23;0;Sparta Praha
https://raw.githubusercontent.com/Adamos1511/ELH_web/main/foto_hrac/Najman O..png;Ondřej;Najman;26/27+1;C/LRW;SPA;28;L;CZE;;;4;1;0;1;1;07:26;-3;2;0;1;52,94;33,33;0,25;0;0,25;10;20;2,56;Veru Masatova photo
https://raw.githubusercontent.com/Adamos1511/ELH_web/main/foto_hrac/Pospisil J..png;Jiří;Pospíšil;26/27;F;SPA;21;P;CZE;;;1;0;0;0;0;08:59;0;0;0;1;0,0;0,0;0;0;1;17;18;0;Sparta
https://raw.githubusercontent.com/Adamos1511/ELH_web/main/foto_hrac/Pribyl.png;Matěj;Přibyl;27/28;C/LW;SPA;22;P;CZE;;;0;0;0;0;0;0:00;0;0;0;0;0;0;0;0;0;17;23;0;Sparta Praha
https://raw.githubusercontent.com/Adamos1511/ELH_web/main/foto_hrac/Raska.png;Adam;Raška;26/27;RW/LW;SPA;24;P;CZE;;;0;0;0;0;0;0:00;0;0;0;0;0;0;0;0;0;17;23;0;Veru Masatova photo
https://raw.githubusercontent.com/Adamos1511/ELH_web/main/foto_hrac/Repik.png;Michal;Řepík;27/28;RW;SPA;37;P;CZE;;;4;3;2;5;1;15:05;4;0;1;1;33,33;21,43;1,25;0,25;0,25;1;12;12,82;Veru Masatova photo
https://raw.githubusercontent.com/Adamos1511/ELH_web/main/foto_hrac/Sekac.png;Jiří;Sekáč;27/28;LW;SPA;34;L;CZE;;;4;2;2;4;2;17:44;1;2;5;1;50,0;14,29;1;1,25;0,25;4;9;10,26;Hokej.cz
https://raw.githubusercontent.com/Adamos1511/ELH_web/main/foto_hrac/Shore.png;Devin;Shore;27/28;C;SPA;32;L;CAN;;;4;1;1;2;0;20:39;2;0;2;1;45,83;16,67;0,5;0,5;0,25;7;3;5,13;Veru Masatova photo
https://raw.githubusercontent.com/Adamos1511/ELH_web/main/foto_hrac/Spacek.png;Michael;Špaček;27/28;C/RW;SPA;29;P;CZE;;;4;2;3;5;1;19:20;3;0;0;1;58,44;15,38;1,25;0;0,25;1;5;12,82;Veru Masatova photo
https://raw.githubusercontent.com/Adamos1511/ELH_web/main/foto_hrac/Ton.png;Petr;Ton;26/27;F;SPA;24;L;CZE;;;0;0;0;0;0;0:00;0;0;0;0;0;0;0;0;0;17;23;0;Sparta Praha
https://raw.githubusercontent.com/Adamos1511/ELH_web/main/foto_hrac/Vesalainen.png;Kristian;Vesalainen;26/27;C/LW;SPA;27;L;FIN;;;4;0;1;1;1;14:27;0;2;2;2;40,82;0,0;0,25;0,5;0,5;10;13;2,56;Sparta
https://raw.githubusercontent.com/Adamos1511/ELH_web/main/foto_hrac/Adamek.png;Marián;Adámek;26/27;O;TRI;28;P;CZE;;;5;0;0;0;0;18:47;-3;0;0;8;0,0;0,0;0;0;1,6;17;4;0;Třinec
https://raw.githubusercontent.com/Adamos1511/ELH_web/main/foto_hrac/Aubrecht.png;David;Aubrecht;26/27;O;TRI;26;L;CZE;;;2;0;0;0;0;02:56;0;0;0;0;0,0;0,0;0;0;0;17;23;0;Liberec
https://raw.githubusercontent.com/Adamos1511/ELH_web/main/foto_hrac/Galvas J..png;Jakub;Galvas;27/28;O;TRI;27;L;CZE;;;5;2;3;5;3;22:34;5;0;0;3;0,0;16,67;1;0;0,6;4;1;8,62;iDnes.cz
https://raw.githubusercontent.com/Adamos1511/ELH_web/main/foto_hrac/Holub.png;David;Holub;J;O;TRI;19;P;CZE;;;0;0;0;0;0;0:00;0;0;0;0;0;0;0;0;0;17;24;0;elite prospect
https://raw.githubusercontent.com/Adamos1511/ELH_web/main/foto_hrac/Koch P..png;Patrik;Koch;28/29;O;TRI;29;L;SVK;;;5;0;4;4;0;19:31;6;14;8;3;0,0;0,0;0,8;1,6;0,6;7;2;6,9;Třinec
https://raw.githubusercontent.com/Adamos1511/ELH_web/main/foto_hrac/Marincin.png;Martin;Marinčin;27/28;O;TRI;34;L;SVK;;;5;0;0;0;0;18:10;-2;0;0;4;0,0;0,0;0;0;0,8;17;8;0;sportweb.pravda.sk
https://raw.githubusercontent.com/Adamos1511/ELH_web/main/foto_hrac/Musil.png;David;Musil;26/27;O;TRI;33;L;CZE;;;5;1;1;2;0;15:36;3;2;0;9;0,0;20,0;0,4;0;1,8;11;12;3,45;Třinec
https://raw.githubusercontent.com/Adamos1511/ELH_web/main/foto_hrac/Prusek.png;Pavel;Průšek;27/28;O;TRI;20;L;CZE;;;2;0;0;0;0;03:03;0;0;0;1;0,0;0,0;0;0;0,5;17;22;0;Třinec
https://raw.githubusercontent.com/Adamos1511/ELH_web/main/foto_hrac/Pyrochta.png;Filip;Pyrochta;28/29;O;TRI;30;L;CZE;;;5;2;2;4;2;16:42;3;0;1;1;0,0;11,11;0,8;0,2;0,2;7;10;6,9;Třinec
https://raw.githubusercontent.com/Adamos1511/ELH_web/main/foto_hrac/Zuffa.png;Sean;Žuffa;J;O;TRI;17;L;CZE;;;0;0;0;0;0;0:00;0;0;0;0;0;0;0;0;0;17;24;0;Třinec
https://raw.githubusercontent.com/Adamos1511/ELH_web/main/foto_hrac/Blahuta.png;Jakub;Blahuta;J;F;TRI;17;P;SVK;;;0;0;0;0;0;0:00;0;0;0;0;0;0;0;0;0;17;24;0;Třinec
https://raw.githubusercontent.com/Adamos1511/ELH_web/main/foto_hrac/Dano.png;Marko;Daňo;27/28;LW/C;TRI;31;L;SVK;;;5;1;4;5;3;17:30;0;0;4;1;37,5;6,25;1;0,8;0,2;4;9;8,62;iDnes.cz
https://raw.githubusercontent.com/Adamos1511/ELH_web/main/foto_hrac/Flynn.png;Oscar;Flynn;28/29;LW;TRI;27;L;CZE;;;3;2;0;2;0;14:35;1;2;1;0;0,0;40,0;0,67;0,33;0;11;14;3,45;Třinec
https://raw.githubusercontent.com/Adamos1511/ELH_web/main/foto_hrac/Hrehorcak.png;Patrik;Hrehorčák;26/27;LW;TRI;27;L;SVK;;;4;0;0;0;0;09:05;0;2;1;5;0,0;0,0;0;0,25;1,25;17;18;0;Třinec
https://raw.githubusercontent.com/Adamos1511/ELH_web/main/foto_hrac/Chlan.png;Petr;Chlán;26/27;C;TRI;27;L;CZE;;;5;0;1;1;0;07:52;0;0;0;0;20,0;0,0;0,2;0;0;14;19;1,72;elite prospect
https://raw.githubusercontent.com/Adamos1511/ELH_web/main/foto_hrac/Hudacek.png;Libor;Hudáček;28/29;RW/C;TRI;36;P;SVK;;;5;1;6;7;3;15:29;3;2;0;2;47,27;6,67;1,4;0;0,4;1;13;12,07;Sport.cz
https://raw.githubusercontent.com/Adamos1511/ELH_web/main/foto_hrac/Kovarcik M..png;Michal;Kovařčík;27/28;C/RW;TRI;29;L;CZE;;;2;1;1;2;2;18:35;1;4;0;0;52,5;33,33;1;0;0;11;5;3,45;Třinec
https://raw.githubusercontent.com/Adamos1511/ELH_web/main/foto_hrac/Kovarcik O..png;Ondřej;Kovařčík;26/27;LW;TRI;31;L;CZE;;;5;1;2;3;0;18:26;2;2;0;4;0,0;20,0;0,6;0;0,8;10;7;5,17;Třinec
https://raw.githubusercontent.com/Adamos1511/ELH_web/main/foto_hrac/Kubiesa.png;Matěj;Kubiesa;26/27+1;RW;TRI;20;P;CZE;;;5;1;3;4;2;14:33;2;0;1;4;0,0;14,29;0,8;0,2;0,8;7;16;6,9;Třinec
https://raw.githubusercontent.com/Adamos1511/ELH_web/main/foto_hrac/Kurovsky.png;Daniel;Kurovský;26/27;LW;TRI;28;P;CZE;;;4;0;1;1;0;14:34;1;0;0;4;0,0;0,0;0,25;0;1;14;15;1,72;Třinec
https://raw.githubusercontent.com/Adamos1511/ELH_web/main/foto_hrac/Lazovsky.png;Michal;Lazovský;J;F;TRI;17;L;SVK;;;3;0;0;0;0;04:39;0;2;1;0;0,0;0,0;0;0,33;0;17;20;0;Graet
https://raw.githubusercontent.com/Adamos1511/ELH_web/main/foto_hrac/Mojzis.png;Michal;Mojžíš;J;F;TRI;16;P;SVK;;;0;0;0;0;0;0:00;0;0;0;0;0;0;0;0;0;17;24;0;Eurohockey Services
https://raw.githubusercontent.com/Adamos1511/ELH_web/main/foto_hrac/Nestrasil.png;Andrej;Nestrašil;27/28;RW/C;TRI;35;L;CZE;;;5;3;3;6;3;19:21;1;2;0;1;45,16;37,5;1,2;0;0,2;2;3;10,34;Třinec
https://raw.githubusercontent.com/Adamos1511/ELH_web/main/foto_hrac/Polasek.png;Jakub;Polášek;J;F;TRI;17;L;CZE;;;1;0;0;0;0;04:25;0;0;0;0;0,0;0,0;0;0;0;17;21;0;elite prospect
https://raw.githubusercontent.com/Adamos1511/ELH_web/main/foto_hrac/Roman.png;Miloš;Roman;26/27;C;TRI;27;L;SVK;;;5;1;0;1;0;13:03;4;0;4;1;39,06;12,5;0,2;0,8;0,2;14;17;1,72;Třinec
https://raw.githubusercontent.com/Adamos1511/ELH_web/main/foto_hrac/Ruzicka M..png;Martin;Růžička;26/27;RW/LW;TRI;40;P;CZE;;;5;1;5;6;4;16:33;2;0;0;2;0,0;11,11;1,2;0;0,4;2;11;10,34;elite prospect
https://raw.githubusercontent.com/Adamos1511/ELH_web/main/foto_hrac/Rybnikar.png;Michal;Rybnikár;28/29;C;TRI;19;L;CZE;;;0;0;0;0;0;0:00;0;0;0;0;0;0;0;0;0;17;24;0;Třinec
https://raw.githubusercontent.com/Adamos1511/ELH_web/main/foto_hrac/Rehak.png;René;Řehák;J;F;TRI;18;L;CZE;;;0;0;0;0;0;0:00;0;0;0;0;0;0;0;0;0;17;24;0;Třinec
https://raw.githubusercontent.com/Adamos1511/ELH_web/main/foto_hrac/Svancara R..png;Robin;Švančara;28/29;LW;TRI;19;L;CZE;;;0;0;0;0;0;0:00;0;0;0;0;0;0;0;0;0;17;24;0;Třinec
https://raw.githubusercontent.com/Adamos1511/ELH_web/main/foto_hrac/Vlk.png;Filip;Vlk;J;LW;TRI;18;L;CZE;;;0;0;0;0;0;0:00;0;0;0;0;0;0;0;0;0;17;24;0;Třinec
https://raw.githubusercontent.com/Adamos1511/ELH_web/main/foto_hrac/Vozenilek.png;Daniel;Voženílek;27/28;LW/RW;TRI;30;L;CZE;;;5;5;0;5;3;18:29;1;6;4;8;47,69;38,46;1;0,8;1,6;4;6;8,62;Třinec
https://raw.githubusercontent.com/Adamos1511/ELH_web/main/foto_hrac/Bruna.png;Patrik;Brůna;26/27+1;O;VIT;22;L;CZE;;;1;0;1;1;1;02:36;0;2;0;1;0,0;0,0;1;0;1;8;21;3,23;hokej.cz
https://raw.githubusercontent.com/Adamos1511/ELH_web/main/foto_hrac/Demel.png;Patrik;Demel;28/29;O;VIT;30;L;CZE;;;4;1;0;1;0;10:54;1;0;0;2;0,0;50,0;0,25;0;0,5;8;15;3,23;hokej.cz
https://raw.githubusercontent.com/Adamos1511/ELH_web/main/foto_hrac/Drabek.png;Alex;Drábek;26/27;O;VIT;19;L;CZE;;;0;0;0;0;0;0:00;0;0;0;0;0;0;0;0;0;16;23;0;hokej.cz
https://raw.githubusercontent.com/Adamos1511/ELH_web/main/foto_hrac/Herman.png;Tomáš;Herman;26/27+1;O;VIT;20;L;CZE;;;0;0;0;0;0;0:00;0;0;0;0;0;0;0;0;0;16;23;0;valassky.denik.cz
https://raw.githubusercontent.com/Adamos1511/ELH_web/main/foto_hrac/Holland.png;Rhett;Holland;27/28;O;VIT;32;P;CAN;;;3;0;0;0;0;19:16;0;33;4;3;0,0;0,0;0;1,33;1;16;4;0;Vítkovice
https://raw.githubusercontent.com/Adamos1511/ELH_web/main/foto_hrac/Knazko.png;Samuel;Kňažko;26/27;O;VIT;24;L;SVK;;;4;0;0;0;0;19:41;-3;0;1;4;0,0;0,0;0;0,25;1;16;3;0;Vítkovice
https://raw.githubusercontent.com/Adamos1511/ELH_web/main/foto_hrac/Leahy.png;John;Leahy;26/27;O;VIT;29;L;CAN;;;4;0;0;0;0;20:33;0;2;0;5;0,0;0,0;0;0;1,25;16;2;0;Oneplay sport
https://raw.githubusercontent.com/Adamos1511/ELH_web/main/foto_hrac/Majkowski.png;Mateusz;Majkowski;26/27;O;VIT;19;L;POL;;;0;0;0;0;0;0:00;0;0;0;0;0;0;0;0;0;16;23;0;Hokej.net
https://raw.githubusercontent.com/Adamos1511/ELH_web/main/foto_hrac/Pavelka.png;Tomáš;Pavelka;27/28;O;VIT;33;L;CZE;;;4;0;5;5;4;14:21;0;0;0;1;0,0;0,0;1,25;0;0,25;1;12;16,13;moravskoslezky.denik.cz
https://raw.githubusercontent.com/Adamos1511/ELH_web/main/foto_hrac/Port.png;Vojtěch;Port;26/27;O;VIT;21;P;CZE;;;0;0;0;0;0;0:00;0;0;0;0;0;0;0;0;0;16;23;0;elite prospect
https://raw.githubusercontent.com/Adamos1511/ELH_web/main/foto_hrac/Tomaskovic.png;Tomáš;Tomaškovič;26/27+1;O;VIT;19;P;SVK;;;0;0;0;0;0;0:00;0;0;0;0;0;0;0;0;0;16;23;0;elite prospect
https://raw.githubusercontent.com/Adamos1511/ELH_web/main/foto_hrac/Wesley.png;Josh;Wesley;26/27;O;VIT;30;P;USA;;;4;1;0;1;0;10:10;-4;0;1;4;0,0;16,67;0,25;0,25;1;8;18;3,23;moravskoslezky.denik.cz
https://raw.githubusercontent.com/Adamos1511/ELH_web/main/foto_hrac/Zboril J..png;Jakub;Zbořil;26/27;O;VIT;29;L;CZE;;;4;1;3;4;3;23:41;2;0;1;4;0,0;9,09;1;0,25;1;2;1;12,9;Oneplay sport
https://raw.githubusercontent.com/Adamos1511/ELH_web/main/foto_hrac/Abdul.png;Jindřich;Abdul;26/27;RW/LW;VIT;30;L;CZE;;;3;1;0;1;1;16:44;-2;2;0;1;0,0;16,67;0,33;0;0,33;8;8;3,23;iSport.cz
https://raw.githubusercontent.com/Adamos1511/ELH_web/main/foto_hrac/Bernovsky.png;Jan;Bernovský;26/27;RW;VIT;25;P;CZE;;;4;0;1;1;0;11:54;3;0;2;4;0,0;0,0;0,25;0,5;1;8;14;3,23;hokej.cz
https://raw.githubusercontent.com/Adamos1511/ELH_web/main/foto_hrac/Cienciala.png;David;Cienciala;26/27;C/LW;VIT;30;L;CZE;;;4;1;1;2;0;16:10;-2;2;0;2;50,0;16,67;0,5;0;0,5;6;10;6,45;Vítkovice
https://raw.githubusercontent.com/Adamos1511/ELH_web/main/foto_hrac/Fasner.png;Šimon;Fašner;26/27;C/LW;VIT;19;L;CZE;;;3;0;0;0;0;04:43;-1;0;1;1;100,0;0,0;0;0,33;0,33;16;20;0;moravskoslezky.denik.cz
https://raw.githubusercontent.com/Adamos1511/ELH_web/main/foto_hrac/Glas.png;Sebastian;Glas;27/28+1;C;VIT;19;P;CZE;;;0;0;0;0;0;0:00;0;0;0;0;0;0;0;0;0;16;23;0;hokej.cz
https://raw.githubusercontent.com/Adamos1511/ELH_web/main/foto_hrac/Hladonik.png;Jan;Hladonik;26/27;C/LW;VIT;27;L;CZE;;;4;0;0;0;0;10:44;0;0;2;2;60,0;0,0;0;0,5;0,5;16;16;0;livesport
https://raw.githubusercontent.com/Adamos1511/ELH_web/main/foto_hrac/Hrivik.png;Marek;Hrivík;26/27+1;C/LW;VIT;35;L;SVK;;;4;1;1;2;1;19:05;-4;2;0;2;63,24;9,09;0,5;0;0,5;6;5;6,45;hokej.cz
https://raw.githubusercontent.com/Adamos1511/ELH_web/main/foto_hrac/Kalus.png;Marek;Kalus;27/28;LW;VIT;33;L;CZE;;;4;1;0;1;0;15:32;0;2;2;2;0,0;11,11;0,25;0,5;0,5;8;11;3,23;Vítkovice
https://raw.githubusercontent.com/Adamos1511/ELH_web/main/foto_hrac/Krivosik.png;Filip;Krivošík;27/28;C/RW;VIT;27;P;SVK;;;4;0;1;1;0;10:12;-2;2;0;2;0,0;0,0;0,25;0;0,5;8;17;3,23;Vítkovice
https://raw.githubusercontent.com/Adamos1511/ELH_web/main/foto_hrac/Macias.png;Krzysztof;Macias;26/27;C;VIT;22;L;CZE;;;4;0;0;0;0;09:26;2;0;2;1;50,0;0,0;0;0,5;0,25;16;19;0;moravskoslezky.denik.cz
https://raw.githubusercontent.com/Adamos1511/ELH_web/main/foto_hrac/Nazad.png;Michael;Nazad;26/27+1;C/LW;VIT;19;L;CZE;;;0;0;0;0;0;0:00;0;0;0;0;0;0;0;0;0;16;23;0;Vítkovice
https://raw.githubusercontent.com/Adamos1511/ELH_web/main/foto_hrac/Nellis.png;Anthony;Nellis;27/28;C/LW;VIT;32;L;CZE;;;4;2;1;3;2;17:37;-1;0;1;3;66,1;15,38;0,75;0,25;0,75;4;7;9,68;Oneplay sport
https://raw.githubusercontent.com/Adamos1511/ELH_web/main/foto_hrac/Petr.png;Dominik;Petr;26/27+1;C/LW;VIT;21;L;CZE;;;1;0;0;0;0;01:35;0;0;0;0;0,0;0,0;0;0;0;16;22;0;Vítkovice
https://raw.githubusercontent.com/Adamos1511/ELH_web/main/foto_hrac/Sir.png;Jan;Šír;27/28;C/RW;VIT;26;P;CZE;;;4;1;0;1;0;13:08;2;2;1;2;47,76;33,33;0,25;0,25;0,5;8;13;3,23;Vítkovice
https://raw.githubusercontent.com/Adamos1511/ELH_web/main/foto_hrac/Stransky S..png;Šimon;Stránský;28/29;LW/C;VIT;28;L;CZE;;;4;2;2;4;2;16:36;-4;4;0;1;0,0;22,22;1;0;0,25;2;9;12,9;Vítkovice
https://raw.githubusercontent.com/Adamos1511/ELH_web/main/foto_hrac/Sebesta.png;Michal;Šebesta;27/28+1;C;VIT;17;L;CZE;;;0;0;0;0;0;0:00;0;0;0;0;0;0;0;0;0;16;23;0;ceskyhokej.cz
https://raw.githubusercontent.com/Adamos1511/ELH_web/main/foto_hrac/Yetman.png;Chad;Yetman;26/27;C/RW;VIT;26;P;CAN;;;4;1;2;3;3;18:30;-2;6;0;2;62,5;16,67;0,75;0;0,5;4;6;9,68;iSport.cz
https://raw.githubusercontent.com/Adamos1511/ELH_web/main/foto_hrac/Zidek.png;Matěj;Žídek;26/27+2;LW/RW;VIT;20;L;CZE;;;0;0;0;0;0;0:00;0;0;0;0;0;0;0;0;0;16;23;0;hokej.cz
