POŘADÍ;TÝM;ZÁPASY;V;VP;PP;P;SKÓRE;BODY;FORMA;FORMA_DETAIL
1;HC Oceláři Třinec;5;5;0;0;0;22:10;15;V,V,V,V,V;27. 9. 2026 · Bílí Tygři Liberec – HC Oceláři Třinec 1:3 || 25. 9. 2026 · HC Oceláři Třinec – HC VÍTKOVICE RIDERA 8:2 || 19. 9. 2026 · HC Oceláři Třinec – HC Škoda Plzeň 3:2 || 18. 9. 2026 · HC Oceláři Třinec – HC Kometa Brno 6:5 || 15. 9. 2026 · BYD Energie Karlovy Vary – HC Oceláři Třinec 0:2
2;HC Dynamo Pardubice;6;4;0;0;2;24:17;12;V,V,P,V,V;27. 9. 2026 · HC Kometa Brno – HC Dynamo Pardubice 3:5 || 25. 9. 2026 · BK Mladá Boleslav – HC Dynamo Pardubice 1:4 || 22. 9. 2026 · HC Dynamo Pardubice – Bílí Tygři Liberec 4:5 || 20. 9. 2026 · HC Dynamo Pardubice – BYD Energie Karlovy Vary 5:2 || 18. 9. 2026 · HC VERVA Litvínov – HC Dynamo Pardubice 1:3
3;Banes Motor Č. Budějovice;5;3;0;1;1;13:14;10;V,P,V,V,PP;27. 9. 2026 · Banes Motor Č. Budějovice – HC VERVA Litvínov 5:4 || 25. 9. 2026 · BYD Energie Karlovy Vary – Banes Motor Č. Budějovice 5:1 || 20. 9. 2026 · Banes Motor Č. Budějovice – HC Olomouc 3:2 || 18. 9. 2026 · Mountfield HK – Banes Motor Č. Budějovice 0:2 || 16. 9. 2026 · Banes Motor Č. Budějovice – BK Mladá Boleslav 2:3 · po prodloužení
4;BYD Energie Karlovy Vary;5;3;0;0;2;12:9;9;V,V,P,V,P;28. 9. 2026 · HC Sparta Praha – BYD Energie Karlovy Vary 0:1 || 25. 9. 2026 · BYD Energie Karlovy Vary – Banes Motor Č. Budějovice 5:1 || 20. 9. 2026 · HC Dynamo Pardubice – BYD Energie Karlovy Vary 5:2 || 18. 9. 2026 · BK Mladá Boleslav – BYD Energie Karlovy Vary 1:4 || 15. 9. 2026 · BYD Energie Karlovy Vary – HC Oceláři Třinec 0:2
5;Rytíři Kladno;5;2;1;1;1;14:14;9;P,PP,V,VSn,V;27. 9. 2026 · Rytíři Kladno – HC Olomouc 1:4 || 25. 9. 2026 · Rytíři Kladno – HC Škoda Plzeň 3:4 · po prodloužení || 20. 9. 2026 · Bílí Tygři Liberec – Rytíři Kladno 1:3 || 18. 9. 2026 · Rytíři Kladno – HC Sparta Praha 3:2 · po nájezdech || 16. 9. 2026 · HC VÍTKOVICE RIDERA – Rytíři Kladno 3:4
6;HC Škoda Plzeň;5;1;2;1;1;12:11;8;V,VP,P,PP,VSn;27. 9. 2026 · HC Škoda Plzeň – Mountfield HK 2:1 || 25. 9. 2026 · Rytíři Kladno – HC Škoda Plzeň 3:4 · po prodloužení || 19. 9. 2026 · HC Oceláři Třinec – HC Škoda Plzeň 3:2 || 18. 9. 2026 · HC Olomouc – HC Škoda Plzeň 3:2 · po prodloužení || 16. 9. 2026 · HC Škoda Plzeň – Bílí Tygři Liberec 2:1 · po nájezdech
7;HC Sparta Praha;5;2;0;1;2;14:12;7;P,V,P,PSn,V;28. 9. 2026 · HC Sparta Praha – BYD Energie Karlovy Vary 0:1 || 25. 9. 2026 · HC VERVA Litvínov – HC Sparta Praha 1:4 || 22. 9. 2026 · HC Sparta Praha – BK Mladá Boleslav 3:5 || 18. 9. 2026 · Rytíři Kladno – HC Sparta Praha 3:2 · po nájezdech || 16. 9. 2026 · HC Olomouc – HC Sparta Praha 2:5
8;HC Kometa Brno;5;2;0;0;3;16:16;6;P,V,V,P,P;27. 9. 2026 · HC Kometa Brno – HC Dynamo Pardubice 3:5 || 25. 9. 2026 · HC Olomouc – HC Kometa Brno 2:4 || 20. 9. 2026 · HC Kometa Brno – Mountfield HK 3:1 || 18. 9. 2026 · HC Oceláři Třinec – HC Kometa Brno 6:5 || 16. 9. 2026 · HC VERVA Litvínov – HC Kometa Brno 2:1
9;Mountfield HK;5;2;0;0;3;12:12;6;P,V,P,P,V;27. 9. 2026 · HC Škoda Plzeň – Mountfield HK 2:1 || 24. 9. 2026 · Mountfield HK – Bílí Tygři Liberec 5:2 || 20. 9. 2026 · HC Kometa Brno – Mountfield HK 3:1 || 18. 9. 2026 · Mountfield HK – Banes Motor Č. Budějovice 0:2 || 16. 9. 2026 · HC Dynamo Pardubice – Mountfield HK 3:5
10;HC VERVA Litvínov;5;2;0;0;3;11:15;6;P,P,V,P,V;27. 9. 2026 · Banes Motor Č. Budějovice – HC VERVA Litvínov 5:4 || 25. 9. 2026 · HC VERVA Litvínov – HC Sparta Praha 1:4 || 20. 9. 2026 · HC VÍTKOVICE RIDERA – HC VERVA Litvínov 2:3 || 18. 9. 2026 · HC VERVA Litvínov – HC Dynamo Pardubice 1:3 || 16. 9. 2026 · HC VERVA Litvínov – HC Kometa Brno 2:1
11;HC Olomouc;5;1;1;0;3;13:15;5;V,P,P,VP,P;27. 9. 2026 · Rytíři Kladno – HC Olomouc 1:4 || 25. 9. 2026 · HC Olomouc – HC Kometa Brno 2:4 || 20. 9. 2026 · Banes Motor Č. Budějovice – HC Olomouc 3:2 || 18. 9. 2026 · HC Olomouc – HC Škoda Plzeň 3:2 · po prodloužení || 16. 9. 2026 · HC Olomouc – HC Sparta Praha 2:5
12;BK Mladá Boleslav;5;1;1;0;3;12:19;5;P,P,V,P,VP;27. 9. 2026 · HC VÍTKOVICE RIDERA – BK Mladá Boleslav 6:2 || 25. 9. 2026 · BK Mladá Boleslav – HC Dynamo Pardubice 1:4 || 22. 9. 2026 · HC Sparta Praha – BK Mladá Boleslav 3:5 || 18. 9. 2026 · BK Mladá Boleslav – BYD Energie Karlovy Vary 1:4 || 16. 9. 2026 · Banes Motor Č. Budějovice – BK Mladá Boleslav 2:3 · po prodloužení
13;Bílí Tygři Liberec;5;1;0;1;3;10:17;4;P,P,V,P,PSn;27. 9. 2026 · Bílí Tygři Liberec – HC Oceláři Třinec 1:3 || 24. 9. 2026 · Mountfield HK – Bílí Tygři Liberec 5:2 || 22. 9. 2026 · HC Dynamo Pardubice – Bílí Tygři Liberec 4:5 || 20. 9. 2026 · Bílí Tygři Liberec – Rytíři Kladno 1:3 || 16. 9. 2026 · HC Škoda Plzeň – Bílí Tygři Liberec 2:1 · po nájezdech
14;HC VÍTKOVICE RIDERA;4;1;0;0;3;13:17;3;V,P,P,P;27. 9. 2026 · HC VÍTKOVICE RIDERA – BK Mladá Boleslav 6:2 || 25. 9. 2026 · HC Oceláři Třinec – HC VÍTKOVICE RIDERA 8:2 || 20. 9. 2026 · HC VÍTKOVICE RIDERA – HC VERVA Litvínov 2:3 || 16. 9. 2026 · HC VÍTKOVICE RIDERA – Rytíři Kladno 3:4
